Data Source,World Development Indicators,,,,,,,,,,,,,,,,,,,,,,,,,,,,,,,,,,,,,,,,,,,,,,,,,,,,,,,,,,,,,,
,,,,,,,,,,,,,,,,,,,,,,,,,,,,,,,,,,,,,,,,,,,,,,,,,,,,,,,,,,,,,,,
Last Updated Date,2/27/2020,,,,,,,,,,,,,,,,,,,,,,,,,,,,,,,,,,,,,,,,,,,,,,,,,,,,,,,,,,,,,,
,,,,,,,,,,,,,,,,,,,,,,,,,,,,,,,,,,,,,,,,,,,,,,,,,,,,,,,,,,,,,,,
CountryName,CountryCode,IndicatorName,IndicatorCode,1960,1961,1962,1963,1964,1965,1966,1967,1968,1969,1970,1971,1972,1973,1974,1975,1976,1977,1978,1979,1980,1981,1982,1983,1984,1985,1986,1987,1988,1989,1990,1991,1992,1993,1994,1995,1996,1997,1998,1999,2000,2001,2002,2003,2004,2005,2006,2007,2008,2009,2010,2011,2012,2013,2014,2015,2016,2017,2018,2019
Aruba,ABW,"Mortality rate, infant (per 1,000 live births)",SP.DYN.IMRT.IN,,,,,,,,,,,,,,,,,,,,,,,,,,,,,,,,,,,,,,,,,,,,,,,,,,,,,,,,,,,,
Afghanistan,AFG,"Mortality rate, infant (per 1,000 live births)",SP.DYN.IMRT.IN,,236.5,232.6,228.9,225.1,221.4,217.7,213.9,210.1,206.3,202.6,198.8,195,191,187.2,183.2,179.3,175.4,171.2,167,162.7,158.4,154.1,149.8,145.7,141.6,137.5,133.3,129.2,125.1,121.1,117.3,113.7,110.4,107.1,104,101.1,98.4,95.7,93.1,90.6,88,85.4,82.8,80.1,77.4,74.7,72,69.4,66.8,64.3,61.9,59.5,57.3,55.1,53.1,51.2,49.5,47.9,
Angola,AGO,"Mortality rate, infant (per 1,000 live births)",SP.DYN.IMRT.IN,,,,,,,,,,,,,,,,,,,,,140.7,139.2,137.3,135.9,134.7,133.6,132.9,132.4,132,131.9,132,132.1,132.1,132.2,132.1,131.7,130.8,129.5,127.5,125.1,122.2,118.9,115.1,110.8,106.2,101.3,96.2,91,85.8,80.7,76,71.5,67.3,63.6,60.5,57.8,55.5,53.4,51.6,
Albania,ALB,"Mortality rate, infant (per 1,000 live births)",SP.DYN.IMRT.IN,,,,,,,,,,,,,,,,,,,75.9,70.5,65.6,61,56.6,52.8,49.4,46.2,43.4,41,38.8,36.9,35.2,33.8,32.5,31.4,30.2,29.1,27.9,26.7,25.4,24.2,23,21.8,20.6,19.4,18.3,17.1,16,14.9,13.9,12.9,11.9,11,10.2,9.5,8.9,8.5,8.2,8,7.8,
Andorra,AND,"Mortality rate, infant (per 1,000 live births)",SP.DYN.IMRT.IN,,,,,,,,,,,,,,,,,,,,,,,,,,12.2,11.6,11,10.4,9.9,9.4,8.9,8.5,8.1,7.7,7.3,7,6.7,6.4,6.2,5.9,5.7,5.5,5.3,5.1,4.9,4.7,4.5,4.3,4.1,3.9,3.7,3.6,3.4,3.2,3.1,3,2.8,2.7,
Arab World,ARB,"Mortality rate, infant (per 1,000 live births)",SP.DYN.IMRT.IN,,,,,,,,,,,,,,,,,,,,,,,,,,,,,,,58.16866595,56.49775393,54.97385978,53.51456425,52.10624745,50.67286859,49.28315908,47.9481438,46.59667457,45.2544628,43.94684997,42.6529596,41.38842828,40.11889954,38.92260513,37.68486509,36.4924658,35.26357925,34.03853036,32.88489116,31.81526068,30.90710539,30.11056274,29.35985928,28.71359479,28.06380543,27.53993896,27.00669997,26.47767262,
United Arab Emirates,ARE,"Mortality rate, infant (per 1,000 live births)",SP.DYN.IMRT.IN,134.1,127.8,121.7,115.7,109.4,103,96.3,89.7,83.1,76.7,70.5,64.7,59.4,54.5,50.1,45.9,41.9,38.3,34.9,31.8,29.1,26.5,24.3,22.4,20.8,19.4,18.1,17,16,15.1,14.3,13.5,12.9,12.3,11.8,11.3,10.9,10.6,10.2,9.9,9.6,9.4,9.1,8.9,8.6,8.3,8.1,7.9,7.6,7.4,7.3,7.1,7,6.8,6.8,6.7,6.6,6.6,6.5,
Argentina,ARG,"Mortality rate, infant (per 1,000 live births)",SP.DYN.IMRT.IN,,,,,,,,,,59.6,59,58.3,57.4,56.3,54.7,52.7,50.1,46.9,43.6,40.1,37,34.2,31.8,29.9,28.2,27,26.1,25.7,25.6,25.5,25.3,24.9,24.2,23.3,22.4,21.5,20.5,19.7,18.9,18.2,17.5,16.9,16.3,15.8,15.3,14.8,14.4,14,13.7,13.3,12.9,12.4,11.8,11.3,10.7,10.2,9.7,9.3,8.8,
Armenia,ARM,"Mortality rate, infant (per 1,000 live births)",SP.DYN.IMRT.IN,,,,,,,,,,,,,,,,,69.3,66.8,64.4,62.1,59.8,57.8,55.8,53.8,51.9,50.2,48.5,46.7,49,43.5,41.8,40.2,38.6,37,35.5,34,32.5,31.1,29.7,28.4,27.1,25.8,24.6,23.5,22.4,21.3,20.2,19.3,18.3,17.4,16.5,15.7,14.9,14.2,13.5,12.8,12.2,11.6,11,
American Samoa,ASM,"Mortality rate, infant (per 1,000 live births)",SP.DYN.IMRT.IN,,,,,,,,,,,,,,,,,,,,,,,,,,,,,,,,,,,,,,,,,,,,,,,,,,,,,,,,,,,,
Antigua and Barbuda,ATG,"Mortality rate, infant (per 1,000 live births)",SP.DYN.IMRT.IN,,,,,,,,,,,,,,,,,,,,,,,,,,32.4,30.3,28.5,26.7,25.1,23.6,22.2,20.9,19.6,18.5,17.4,16.4,15.5,14.7,13.9,13.1,12.5,11.9,11.3,10.8,10.2,9.7,9.2,8.7,8.2,7.7,7.2,6.7,6.3,6,5.7,5.4,5.2,5,
Australia,AUS,"Mortality rate, infant (per 1,000 live births)",SP.DYN.IMRT.IN,20.3,19.9,19.5,19.1,18.7,18.5,18.3,18.2,18.1,18,17.8,17.4,16.9,16.1,15.3,14.4,13.5,12.6,11.9,11.3,10.8,10.4,10.1,9.8,9.6,9.3,9.1,8.8,8.4,8,7.6,7.1,6.7,6.3,6,5.8,5.6,5.4,5.3,5.2,5.1,5,5,4.9,4.8,4.8,4.7,4.5,4.4,4.2,4,3.8,3.6,3.5,3.3,3.2,3.2,3.1,3.1,
Austria,AUT,"Mortality rate, infant (per 1,000 live births)",SP.DYN.IMRT.IN,37.2,35,32.9,31.2,29.6,28.4,27.3,26.4,25.7,25.3,25.1,24.7,24.1,23,21.5,19.8,18.1,16.6,15.5,14.6,13.9,13.2,12.6,11.9,11.3,10.7,10.1,9.4,8.9,8.4,8,7.6,7.2,6.7,6.2,5.7,5.3,5,4.8,4.7,4.6,4.5,4.4,4.3,4.2,4.1,3.9,3.8,3.8,3.7,3.6,3.5,3.3,3.2,3.1,3,3,2.9,2.9,
Azerbaijan,AZE,"Mortality rate, infant (per 1,000 live births)",SP.DYN.IMRT.IN,,,,,,,,,,,,,,,,,,,,,,,85.5,83.8,82.1,80.6,79.1,77.9,77,76.4,76.1,76.3,76.5,76.6,76.3,75.4,73.7,71.4,68.4,65,61.3,57.5,53.9,50.6,47.4,44.6,42,39.5,37.2,34.9,32.8,30.7,28.7,26.8,25,23.3,21.8,20.4,19.2,
Burundi,BDI,"Mortality rate, infant (per 1,000 live births)",SP.DYN.IMRT.IN,,,,,143,143.9,145.1,146,146.8,147.3,147.6,147.9,148.1,148.3,148.6,148.5,147.8,146.1,142.9,138.4,132.9,127.1,121,115.2,110.2,106.3,104,102.9,103.1,104,105.2,106.4,107.3,107.8,107.7,107,105.7,103.7,101.4,98.6,95.7,92.6,89.4,86.1,82.5,78.5,74.4,70.3,66.3,62.7,59.2,56.1,53.2,50.4,47.9,45.8,44,42.4,41,
Belgium,BEL,"Mortality rate, infant (per 1,000 live births)",SP.DYN.IMRT.IN,29.4,28.1,27,25.9,25,24.1,23.3,22.6,21.9,21.2,20.5,19.6,18.7,17.7,16.7,15.8,14.9,14.2,13.5,12.8,12.3,11.7,11.2,10.7,10.2,9.9,9.5,9.2,8.9,8.6,8.3,8,7.6,7.2,6.8,6.3,5.9,5.5,5.2,5,4.8,4.6,4.4,4.3,4.1,4,3.9,3.8,3.8,3.7,3.6,3.5,3.5,3.4,3.3,3.2,3.1,3,2.9,
Benin,BEN,"Mortality rate, infant (per 1,000 live births)",SP.DYN.IMRT.IN,184.9,181.9,178.8,175.6,172.3,169.1,166,163.1,160.3,157.7,155.2,152.6,150,147.1,144.2,141.2,138,134.9,132,129.5,127.1,124.9,122.7,120.7,118.7,116.6,114.5,112.3,110.2,108,105.8,103.6,101.5,99.4,97.3,95.4,93.6,91.8,90,88.2,86.4,84.5,82.7,80.9,79.1,77.5,76,74.6,73.2,72,70.8,69.5,68.2,67,65.7,64.4,63.2,61.9,60.5,
Burkina Faso,BFA,"Mortality rate, infant (per 1,000 live births)",SP.DYN.IMRT.IN,155.6,154,152.6,151.1,149.9,148.8,147.8,147,146.3,145.7,145,144,142.6,140.2,136.8,132.6,128.3,124,120.3,117.1,114.4,112.3,110.4,108.7,106.9,105.1,103.4,101.6,100.2,99.3,98.8,98.7,98.7,98.6,98.1,97.3,96.2,95,93.6,92.3,90.9,89.4,87.7,85.7,83.3,80.5,77.5,74.3,71.2,68.1,65.2,62.4,59.8,57.5,55.4,53.6,51.9,50.4,49,
Bangladesh,BGD,"Mortality rate, infant (per 1,000 live births)",SP.DYN.IMRT.IN,173.6,169.3,165.4,161.8,158.5,155.8,153.6,151.8,150.4,149.5,148.9,148.4,147.9,147.3,146.3,145.1,143.5,141.4,139,136.4,133.6,130.7,127.7,124.5,121.2,117.8,114.3,110.7,107,103.3,99.6,95.8,92,88.2,84.5,80.8,77.2,73.6,70.2,67,63.9,60.9,58.1,55.4,52.9,50.4,48,45.5,43.2,41,38.9,36.8,34.9,33,31.3,29.6,28,26.5,25.1,
Bulgaria,BGR,"Mortality rate, infant (per 1,000 live births)",SP.DYN.IMRT.IN,,,,32.6,32.1,31.7,31.5,31,30.1,28.9,27.7,26.5,25.7,25.1,24.6,24.1,23.5,22.7,21.7,20.6,19.6,18.8,18.1,17.3,16.6,15.7,14.9,14.4,14.2,14.3,14.6,15,15.3,15.4,15.4,15.5,15.7,15.6,15.3,14.9,14.3,13.8,13.1,12.5,11.8,11,10.4,9.9,9.6,9.3,9,8.6,8.2,7.7,7.3,6.9,6.5,6.2,5.9,
Bahrain,BHR,"Mortality rate, infant (per 1,000 live births)",SP.DYN.IMRT.IN,133.7,123.3,113.5,104.5,96.1,88.1,80.8,73.9,67.6,61.8,56.6,51.8,47.5,43.6,40.2,37.2,34.5,32.2,30.1,28.3,26.7,25.3,24.1,23,22,21.2,20.6,20.1,19.8,19.7,19.5,19.2,18.7,17.9,16.8,15.5,14.3,13.1,12.1,11.4,10.8,10.3,10,9.7,9.4,9.1,8.8,8.4,8,7.6,7.3,7,6.8,6.7,6.6,6.5,6.4,6.2,6.1,
"Bahamas, The",BHS,"Mortality rate, infant (per 1,000 live births)",SP.DYN.IMRT.IN,,,,,,,,,25.2,25.6,26,26.3,26.6,26.8,26.9,26.8,26.5,26.2,25.8,25.4,24.9,24.6,24.2,24,23.7,23.4,22.9,22.3,21.5,20.6,19.7,18.8,17.9,17,16.2,15.4,14.7,14.1,13.6,13.2,13,12.8,12.7,12.6,12.4,12.2,11.9,11.6,11.2,10.9,10.5,10.2,9.9,9.6,9.3,9.1,8.8,8.6,8.3,
Bosnia and Herzegovina,BIH,"Mortality rate, infant (per 1,000 live births)",SP.DYN.IMRT.IN,,,,,,,,,,,,,,,,,,,,,,,,,26.1,24,22.1,20.4,18.8,17.4,16.1,14.9,14.3,13.5,12.3,11.6,10.7,10.1,9.5,9,8.6,8.3,8.1,8,7.9,7.7,7.5,7.2,6.9,6.5,6.2,6,5.7,5.6,5.4,5.3,5.2,5.1,5,
Belarus,BLR,"Mortality rate, infant (per 1,000 live births)",SP.DYN.IMRT.IN,,,,,,,,,,,,,,,,,,,,,17.2,16.5,15.8,15.2,14.7,14.2,13.7,13.2,12.7,12.3,12.1,12.1,12.2,12.3,12.4,12.4,12.2,11.9,11.3,10.7,9.9,9.1,8.4,7.7,7.1,6.5,6,5.5,5,4.6,4.2,3.9,3.6,3.4,3.2,3,2.9,2.7,2.6,
Belize,BLZ,"Mortality rate, infant (per 1,000 live births)",SP.DYN.IMRT.IN,,,,,,,,78.6,75.6,72.7,70.1,67.6,65,62.7,60.5,58.3,56.4,54.5,52.7,51,49.3,47.6,45.9,44.1,42.4,40.6,38.7,36.8,34.9,33,31.2,29.5,27.9,26.5,25.3,24.2,23.2,22.3,21.5,20.7,20,19.4,18.9,18.5,18.2,17.8,17.6,17.3,17,16.6,16.2,15.7,15.2,14.5,13.9,13.2,12.5,11.8,11.2,
Bermuda,BMU,"Mortality rate, infant (per 1,000 live births)",SP.DYN.IMRT.IN,,,,,,,,,,,,,,,,,,,,,,,,,,,,,,,,,,,,,,,,,,,,,,,,,,,,,,,,,,,,
Bolivia,BOL,"Mortality rate, infant (per 1,000 live births)",SP.DYN.IMRT.IN,175.2,172,168.9,165.7,162.6,159.4,156.1,152.9,149.6,146.4,143.1,139.8,136.4,133,129.5,126,122.6,119.3,116.2,113.2,110.5,107.9,105.4,103,100.4,97.8,95.1,92.3,89.4,86.5,83.7,81,78.2,75.5,72.7,69.9,67.1,64.3,61.4,58.5,55.7,52.9,50.2,47.7,45.2,42.8,40.6,38.4,36.4,34.4,32.6,30.9,29.2,27.7,26.2,24.9,23.8,22.8,21.8,
Brazil,BRA,"Mortality rate, infant (per 1,000 live births)",SP.DYN.IMRT.IN,127.4,124.2,121,118,115.3,112.8,110.6,108.3,106.2,104.1,101.8,99.5,97.1,94.8,92.5,90.2,87.7,85.2,82.5,79.7,76.6,73.6,70.6,67.9,65.3,62.9,60.7,58.6,56.6,54.6,52.5,50.4,48.2,45.8,43.4,41,38.7,36.5,34.4,32.3,30.4,28.6,26.8,25.2,23.6,22.1,20.7,19.5,18.4,17.5,16.7,16,15.4,14.9,14.5,14,14.6,13.2,12.8,
Barbados,BRB,"Mortality rate, infant (per 1,000 live births)",SP.DYN.IMRT.IN,69.6,65,61.1,57.6,54.4,51.6,49.1,46.9,44.9,42.9,40.9,38.9,37,35.1,33.3,31.5,29.7,28,26.4,24.9,23.6,22.4,21.4,20.6,19.9,19.3,18.7,18.1,17.5,16.8,16.1,15.5,14.9,14.4,14,13.7,13.5,13.4,13.4,13.6,13.7,14,14.1,14.3,14.3,14.3,14.2,14,13.9,13.6,13.5,13.3,13.1,12.8,12.6,12.3,12,11.6,11.3,
Brunei Darussalam,BRN,"Mortality rate, infant (per 1,000 live births)",SP.DYN.IMRT.IN,,,,,,,,,,,,,,,,,,,,,,,,11.6,11.3,11,10.8,10.6,10.4,10.4,10.4,10.3,10.3,10.2,10,9.8,9.5,9.1,8.8,8.5,8.3,8.1,7.9,7.8,7.8,7.7,7.7,7.8,7.8,7.9,8,8.2,8.4,8.6,8.8,9.1,9.4,9.6,9.8,
Bhutan,BTN,"Mortality rate, infant (per 1,000 live births)",SP.DYN.IMRT.IN,,,,,,,,,,187.4,181.7,176.2,170.6,165.1,159.9,154.7,149.6,145,140.3,135.5,130.9,126.1,121.6,117.2,113,108.9,104.8,100.8,96.8,93,89.3,85.8,82.4,79.1,75.8,72.6,69.5,66.4,63.4,60.5,57.8,55.1,52.5,49.9,47.4,44.9,42.5,40.3,38.1,36.1,34.2,32.6,31.1,29.8,28.6,27.5,26.5,25.6,24.8,
Botswana,BWA,"Mortality rate, infant (per 1,000 live births)",SP.DYN.IMRT.IN,115.6,112.2,109.1,106,102.9,100,97,94.2,91.3,88.4,85.3,82.2,79,75.7,72.4,69,65.8,62.6,59.5,56.6,53.9,51.3,48.9,46.7,44.6,42.8,41.3,40,39.2,39,39.4,40.3,41.7,43,44.5,46,47.4,48.7,49.7,50.3,50,49.2,48.3,47.2,46,42.4,41.1,41.7,41.4,40.2,38.4,38.9,36.8,34.8,34.5,33.2,32.3,30.8,30,
Central African Republic,CAF,"Mortality rate, infant (per 1,000 live births)",SP.DYN.IMRT.IN,,162.2,159.6,157.1,154.5,151.6,148.8,145.9,143,140.1,137.5,135.1,132.9,130.8,128.9,127.1,125.4,123.7,122.2,120.8,119.6,118.6,117.7,117.1,116.6,116.1,115.8,115.6,116,116.7,116.9,116.5,115.8,115.3,114.7,114.3,113.6,113,112.4,111.8,111.2,110.7,110,109.4,108.8,108,106.9,105.9,104.7,102.9,101.4,99.3,97.2,95.6,93,90.7,88.3,86.5,84.5,
Canada,CAN,"Mortality rate, infant (per 1,000 live births)",SP.DYN.IMRT.IN,27.8,26.9,26,25,24.1,23.1,22.1,21.2,20.3,19.4,18.5,17.6,16.7,15.9,15,14.1,13.3,12.5,11.7,11,10.3,9.7,9.2,8.7,8.3,8,7.7,7.5,7.3,7,6.8,6.6,6.4,6.2,6,5.8,5.6,5.5,5.4,5.3,5.3,5.2,5.2,5.2,5.2,5.2,5.1,5.1,5,5,4.9,4.8,4.8,4.7,4.7,4.6,4.5,4.4,4.3,
Central Europe and the Baltics,CEB,"Mortality rate, infant (per 1,000 live births)",SP.DYN.IMRT.IN,,,,,,,,,,,,,,,,,,,,,,,,,,,,,,,16.16081784,15.64679025,15.20726005,14.77583851,14.23408113,13.6584909,12.99834924,12.31816853,11.64612328,10.97650586,10.38640695,9.913938301,9.548068631,9.188928177,8.832396327,8.316067679,7.784129426,7.216571508,6.727298616,6.332373625,6.006195428,5.778276535,5.594120273,5.353026522,5.082296153,4.855437605,4.584452312,4.378504249,4.189120489,
Switzerland,CHE,"Mortality rate, infant (per 1,000 live births)",SP.DYN.IMRT.IN,21.7,21.2,20.8,20.1,19.3,18.4,17.6,16.9,16.3,15.6,15,14.3,13.6,12.8,12,11.2,10.5,9.8,9.2,8.7,8.4,8,7.8,7.6,7.4,7.3,7.2,7.1,7,6.8,6.6,6.4,6.1,5.8,5.5,5.2,5,4.9,4.8,4.7,4.7,4.6,4.6,4.5,4.4,4.3,4.2,4.1,4,4,3.9,3.9,3.9,3.8,3.8,3.8,3.8,3.7,3.7,
Channel Islands,CHI,"Mortality rate, infant (per 1,000 live births)",SP.DYN.IMRT.IN,,,,,,,,,,,,,,,,,,,,,,,,,,,,,,,,,,,,,,,,,,,,,,,,,,,,,,,,,,,,
Chile,CHL,"Mortality rate, infant (per 1,000 live births)",SP.DYN.IMRT.IN,131,123.9,118.5,113.3,106.1,96.5,86.8,78.7,72.6,68.8,67,66.1,65.2,63.4,59.7,54.1,47.5,41,35.3,30.9,27.8,25.2,22.8,20.7,19.4,18.9,18.7,18.5,18,17.2,16.1,14.9,13.7,12.7,11.8,11.1,10.6,10.3,10.1,9.8,9.2,8.7,8.3,8.1,7.9,7.7,7.6,7.6,7.6,7.5,7.4,7.3,7.2,7.1,6.9,6.7,6.5,6.3,6.2,
China,CHN,"Mortality rate, infant (per 1,000 live births)",SP.DYN.IMRT.IN,,,,,,,,,,83.7,80,76.4,72.9,69.4,65.9,62.4,59,55.7,52.8,50.3,48,46.2,44.7,43.5,42.7,42.3,42.1,42.1,42.2,42.2,42.1,41.7,41,40.1,38.9,37.7,36.3,34.9,33.5,31.9,30.1,28.2,26.2,24.1,22.2,20.3,18.7,17.2,15.8,14.6,13.6,12.6,11.6,10.8,10,9.2,8.5,7.9,7.4,
Cote d'Ivoire,CIV,"Mortality rate, infant (per 1,000 live births)",SP.DYN.IMRT.IN,212.9,207.3,201.8,196.5,191.4,186.4,181.6,176.9,172.3,167.7,163,158.1,152.8,147.4,141.9,136.2,130.7,125.6,121.1,117.4,114.4,111.9,109.9,108.3,107.1,106.3,105.7,105.4,105.3,105.2,105.3,105.2,105.1,104.8,104.4,103.8,103,102,100.7,99.2,97.5,95.6,93.6,91.5,89.3,87,84.9,82.4,79.9,77.6,75.3,73.3,71,68.9,66.9,64.8,62.9,61,59.4,
Cameroon,CMR,"Mortality rate, infant (per 1,000 live births)",SP.DYN.IMRT.IN,163.5,160,157.2,154.7,152.2,149.1,145.3,140.5,135,129.6,124.8,120.6,117.4,115.3,114.2,113.7,113.3,112.9,112,110.5,108.3,105.5,102.3,98.7,95.1,91.7,88.7,86.6,85.2,84.7,85.1,86.2,87.6,89.2,90.7,92,92.9,93.3,93.2,92.3,90.7,88.6,86.2,83.7,81.2,79,76.7,74.6,72.1,69.9,67.1,64.9,62.5,60,57.9,55.7,54,52.2,50.6,
"Congo, Dem. Rep.",COD,"Mortality rate, infant (per 1,000 live births)",SP.DYN.IMRT.IN,,,,,,,,,,149.6,147.9,146.4,144.9,143.3,141.6,139.9,138.2,136.5,134.8,133.2,131.6,130.1,128.7,127.3,126,124.8,123.7,122.7,121.6,120.5,119.5,118.4,117.4,116.6,115.7,114.7,113.7,112.4,111,109.2,107.3,105.1,102.9,100.7,98.4,96,93.6,91.3,88.9,86.7,84.3,82.1,79.9,77.9,75.9,73.9,71.9,70,68.2,
"Congo, Rep.",COG,"Mortality rate, infant (per 1,000 live births)",SP.DYN.IMRT.IN,110.1,107.9,105.8,103.7,101.5,99.1,96.9,94.3,91.9,89.5,87.3,85.3,83.2,81.3,79.4,77.7,75.9,74.3,72.6,70.9,69.4,67.7,66.1,64.3,62.6,61.1,59.8,58.9,58.4,58.4,58.9,59.9,61.3,63,64.9,67.1,69.2,71.2,72.7,73.2,72.5,70.8,68.1,64.6,60.6,56.6,52.8,49.6,46.8,44.8,43.3,42.2,41.4,40.7,39.8,38.9,38,37.1,36.2,
Colombia,COL,"Mortality rate, infant (per 1,000 live births)",SP.DYN.IMRT.IN,94.5,91.6,88.9,86.3,83.9,81.6,79.4,77.3,75.1,72.9,70.6,68.3,66,63.5,61,58.3,55.6,52.8,50.1,47.4,44.8,42.3,40.1,38,36.1,34.5,33,31.8,30.7,29.8,28.9,28.1,27.3,26.5,25.6,24.8,24,23.2,22.5,21.8,21.1,20.5,19.9,19.4,18.9,18.3,17.8,17.3,16.8,16.3,15.8,15.3,14.9,14.4,13.9,13.5,13.1,12.6,12.2,
Comoros,COM,"Mortality rate, infant (per 1,000 live births)",SP.DYN.IMRT.IN,,,,,,,,,,,151.5,148.1,145.5,142.4,139.3,136.3,133.1,129.8,126.2,122.5,118.9,115.4,111.9,108.3,105,101.9,98.8,95.8,93.1,90.5,88,85.5,83,80.7,78.7,77.1,75.8,74.7,73.9,73.5,73.2,73.2,73.2,73.1,72.5,71.5,70.3,68.9,67.1,65.5,63.8,62.3,60.7,58.9,57.4,56,54.4,52.8,51.3,
Cabo Verde,CPV,"Mortality rate, infant (per 1,000 live births)",SP.DYN.IMRT.IN,,,,,,,,,,125.3,116.2,108.1,100.5,93.6,87.5,81.9,77.1,73.1,69.8,67.2,65.3,63.9,62.8,61.7,60.4,58.5,56.1,53.5,50.8,48.5,46.8,45.7,45.2,45.1,44.9,43.9,42,39.3,35.9,32.4,29.2,26.6,24.6,23.3,22.5,22.2,22,21.9,21.8,21.5,21.1,20.6,20,19.5,18.9,18.3,17.8,17.2,16.7,
Costa Rica,CRI,"Mortality rate, infant (per 1,000 live births)",SP.DYN.IMRT.IN,,,,,,68.6,65.8,64,63,62.4,61,57.7,52.4,46.9,42.3,38.1,33.3,28.1,23.8,21.2,19.8,19.2,19.2,19.4,19.5,19.3,18.4,17,15.6,14.7,14.2,13.7,13.3,12.9,12.7,12.6,12.6,12.6,12.3,11.8,11.1,10.4,9.9,9.5,9.2,9.1,8.9,8.9,8.9,8.8,8.7,8.6,8.4,8.2,8,7.8,7.7,7.6,7.6,
Caribbean small states,CSS,"Mortality rate, infant (per 1,000 live births)",SP.DYN.IMRT.IN,,,,,,,,,,,,,,,,,,,,,,,,,,,,,,,29.17400419,28.44933521,27.74560262,27.04437418,26.40795559,25.74271685,25.13939718,24.55054371,24.00210912,23.45856087,22.97652844,22.5239906,22.07721418,21.63203513,21.22517918,20.84050484,20.4184206,20.04383371,19.62972671,19.18056008,18.74499253,18.27439535,17.82018774,17.34766972,16.88381387,16.39378693,15.83759341,15.3515135,14.863102,
Cuba,CUB,"Mortality rate, infant (per 1,000 live births)",SP.DYN.IMRT.IN,,,,46.7,44.3,42.1,39.9,37.9,36,34.1,32.3,30.5,28.8,27.2,25.7,24.3,22.9,21.7,20.5,19.4,18.3,17.4,16.5,15.6,14.8,14.1,13.4,12.7,12,11.4,10.9,10.3,9.8,9.3,8.9,8.5,8.1,7.7,7.4,7.1,6.8,6.5,6.2,6,5.8,5.6,5.4,5.2,5,4.9,4.7,4.6,4.4,4.3,4.2,4.1,3.9,3.8,3.7,
Curacao,CUW,"Mortality rate, infant (per 1,000 live births)",SP.DYN.IMRT.IN,,,,,,,,,,,,,,,,,,,,,,,,,,,,,,,,,,,,,,,,,,,,,,,,,,,,,,,,,,,,
Cayman Islands,CYM,"Mortality rate, infant (per 1,000 live births)",SP.DYN.IMRT.IN,,,,,,,,,,,,,,,,,,,,,,,,,,,,,,,,,,,,,,,,,,,,,,,,,,,,,,,,,,,,
Cyprus,CYP,"Mortality rate, infant (per 1,000 live births)",SP.DYN.IMRT.IN,,,,,,,,,,,,,,,,,,,,20.7,19.1,17.6,16.1,14.7,13.4,12.3,11.4,10.7,10.4,10.1,9.9,9.6,9.3,8.9,8.4,7.9,7.5,7,6.5,6.1,5.7,5.3,5,4.7,4.4,4.1,3.8,3.6,3.3,3.1,2.9,2.7,2.6,2.4,2.3,2.2,2.1,2,1.9,
Czech Republic,CZE,"Mortality rate, infant (per 1,000 live births)",SP.DYN.IMRT.IN,,,,,,,,,,,,,,,,,,,,,,13.4,13,12.7,12.4,12.3,12,11.5,11.1,10.7,10.4,9.9,9.3,8.6,7.9,7.1,6.4,5.8,5.2,4.8,4.5,4.3,4.1,3.9,3.7,3.5,3.4,3.2,3,2.8,2.7,2.6,2.5,2.5,2.5,2.5,2.6,2.6,2.7,
Germany,DEU,"Mortality rate, infant (per 1,000 live births)",SP.DYN.IMRT.IN,,,,,,,,,23.5,22.8,22.1,21.3,20.6,19.7,18.7,17.7,16.6,15.5,14.4,13.5,12.6,11.8,11,10.4,9.8,9.2,8.7,8.3,7.8,7.4,7,6.6,6.2,5.8,5.5,5.3,5,4.8,4.7,4.5,4.4,4.3,4.2,4.1,4,3.9,3.8,3.7,3.6,3.5,3.5,3.4,3.4,3.3,3.3,3.2,3.2,3.2,3.1,
Djibouti,DJI,"Mortality rate, infant (per 1,000 live births)",SP.DYN.IMRT.IN,,,,,,,,,,,,,,,,,129.8,126.5,123.3,120,116.9,114.1,111.1,108.2,105.4,102.8,100.2,97.8,95.7,93.7,91.9,90.4,89.1,88,87,86.1,85.1,84.1,82.9,81.6,80.1,78.5,76.8,75,73.2,71.4,69.6,67.7,65.9,64,62.4,60.7,59,57.4,55.8,54.2,52.6,51.2,49.8,
Dominica,DMA,"Mortality rate, infant (per 1,000 live births)",SP.DYN.IMRT.IN,83.7,76.7,70.5,65,60.2,56,52.4,49.3,46.3,43.5,40.4,36.9,33.3,29.6,26.1,22.9,20.2,18,16.2,14.9,13.9,13.2,12.7,12.5,12.4,12.5,12.6,12.8,12.9,13.1,13.2,13.3,13.4,13.4,13.4,13.3,13.2,13.1,12.9,12.8,12.7,12.7,12.8,13,13.3,13.8,14.5,15.3,16.4,17.6,19.1,20.8,22.7,24.9,27.2,29.4,31.1,32.2,32.9,
Denmark,DNK,"Mortality rate, infant (per 1,000 live births)",SP.DYN.IMRT.IN,21.3,20.8,20.2,19.5,18.7,17.8,16.9,16.1,15.3,14.6,13.9,13.2,12.5,11.6,10.9,10.2,9.7,9.2,8.8,8.5,8.3,8.1,8,7.9,7.9,8,8,8,7.9,7.7,7.4,7,6.5,6.1,5.7,5.4,5.2,5,4.8,4.7,4.6,4.5,4.4,4.3,4.2,4,3.9,3.7,3.6,3.5,3.5,3.4,3.4,3.5,3.5,3.6,3.6,3.6,3.6,
Dominican Republic,DOM,"Mortality rate, infant (per 1,000 live births)",SP.DYN.IMRT.IN,101.9,101.2,100.2,98.9,97.5,95.8,94.2,92.4,90.7,88.8,86.9,84.8,82.6,80.1,77.6,75.1,72.6,70.3,68,65.9,63.8,61.8,59.9,58.1,56.3,54.6,52.9,51.3,49.7,48.1,46.5,44.9,43.3,41.7,40.2,38.8,37.4,36.2,35,34,33.1,32.3,31.6,31,30.5,30,29.6,29.2,28.9,28.5,28.2,27.9,27.5,27.1,26.6,26,25.4,24.8,24.1,
Algeria,DZA,"Mortality rate, infant (per 1,000 live births)",SP.DYN.IMRT.IN,146.5,146.6,146.9,147.4,147.9,148.3,148.6,148.6,148.2,147.1,145.5,143.1,140.2,136.7,132.5,128.1,123.5,118.6,113.4,107.8,101.5,94.2,85.8,76.6,67.5,59.4,53,48.5,45.3,43.2,41.8,40.7,39.9,39,38.1,37.1,36.2,35.5,34.9,34.4,33.9,33.3,32.4,31.3,30.1,28.8,27.5,26.4,25.3,24.3,23.5,22.9,22.4,22.1,21.8,21.4,21,20.6,20.1,
East Asia & Pacific (excluding high income),EAP,"Mortality rate, infant (per 1,000 live births)",SP.DYN.IMRT.IN,,,,,,,,,,,,,,,,,,,,,,,,,,,,,,,45.49329469,44.7501427,43.83258899,42.79172544,41.5837407,40.37228083,39.05380893,37.7097534,36.36697878,34.90177493,33.30093937,31.64595809,29.95016176,28.20724901,26.82594668,25.06736745,23.6963044,22.395301,21.32151283,20.09653038,19.11038821,18.14330945,17.2109202,16.41963669,15.63092041,14.89144261,14.21114364,13.61820937,13.08441501,
Early-demographic dividend,EAR,"Mortality rate, infant (per 1,000 live births)",SP.DYN.IMRT.IN,,,,,,,,,,,,,,,,,,,,,,,,,,,,,,,77.40412402,75.38300663,73.50670442,71.65733231,69.90888455,67.99596358,66.03985661,64.07200866,62.11060317,60.07807169,58.06237409,56.03461632,54.08100964,52.14644388,50.36020553,48.41139336,46.58686419,44.7634258,43.05127097,41.24430608,39.62349266,37.89664538,36.35134388,34.90788231,33.50169469,32.1994862,30.9990226,29.81889855,28.68654974,
East Asia & Pacific,EAS,"Mortality rate, infant (per 1,000 live births)",SP.DYN.IMRT.IN,,,,,,,,,,,,,,,,,,,,,,,,,,,,,,,43.3,42.5,41.5,40.4,39.3,38,36.8,35.5,34.2,32.9,31.4,29.9,28.3,26.7,25.3,23.7,22.4,21.2,20.2,19,18.1,17.2,16.3,15.6,14.8,14.2,13.5,13,12.5,
Europe & Central Asia (excluding high income),ECA,"Mortality rate, infant (per 1,000 live births)",SP.DYN.IMRT.IN,,,,,,,,,,,,,,,,,,,,,,,,,,,,,,,37.60295262,37.44985158,37.49267852,37.47640586,37.21197182,36.61816096,35.66431453,34.47336237,33.05842468,31.48844588,29.80368411,28.13574808,26.43530821,24.82856878,23.36224195,21.91991277,20.62954546,19.38214186,18.29872889,17.33542042,16.48469538,15.664484,14.95522127,14.24009662,13.51342687,12.84872243,12.213443,11.62014089,11.05711949,
Europe & Central Asia,ECS,"Mortality rate, infant (per 1,000 live births)",SP.DYN.IMRT.IN,,,,,,,,,,,,,,,,,,,,,,,,,,,,,,,24.9,24.5,24.1,23.7,23.1,22.4,21.6,20.8,19.8,18.8,17.8,16.9,15.9,15.1,14.2,13.5,12.8,12.1,11.5,11,10.6,10.2,9.8,9.4,9,8.6,8.2,7.9,7.5,
Ecuador,ECU,"Mortality rate, infant (per 1,000 live births)",SP.DYN.IMRT.IN,119.7,116.3,113.2,110.4,107.7,105.2,103,101,99.3,97.5,95.6,93.5,91.1,88.2,85.1,81.7,78.5,75.4,72.4,69.6,66.8,63.9,61,58.1,55.3,52.7,50.2,48,46,44,42.2,40.4,38.5,36.7,34.7,32.8,30.8,29,27.3,25.7,24.3,23,21.9,21,20.1,19.4,18.6,17.9,17.1,16.4,15.7,15,14.4,13.8,13.4,13,12.7,12.5,12.2,
"Egypt, Arab Rep.",EGY,"Mortality rate, infant (per 1,000 live births)",SP.DYN.IMRT.IN,210.9,204,197.2,190.4,184.1,178.6,174.1,170.4,167.4,164.9,162.8,160.5,157.6,154,149.3,144.1,138.3,132.2,126,120,114.2,108.5,102.5,96.3,89.9,83.8,78.2,73.3,69.2,65.8,62.9,60.2,57.6,55,52.3,49.5,46.7,44.1,41.6,39.3,37.2,35.3,33.6,32.1,30.8,29.5,28.4,27.3,26.2,25.2,24.2,23.3,22.4,21.5,20.8,20,19.4,18.7,18.1,
Euro area,EMU,"Mortality rate, infant (per 1,000 live births)",SP.DYN.IMRT.IN,,,,,,,,,,,,,,,,,,,,,,,,,,,,,,,7.942894729,7.603923754,7.231882605,6.803374892,6.398517277,6.036175332,5.65523972,5.36786019,5.146630066,4.935314564,4.760968964,4.604843194,4.438437325,4.267158642,4.113606592,3.99001329,3.859772261,3.74044352,3.6387744,3.560172002,3.490674353,3.399327378,3.350282604,3.29275207,3.228050155,3.163790017,3.134080007,3.088045254,3.019165176,
Eritrea,ERI,"Mortality rate, infant (per 1,000 live births)",SP.DYN.IMRT.IN,,,,,,,,,,,,,,,126.7,124.1,121.7,119.5,117.5,115.9,114.4,112.9,111.5,110,108.4,106.7,104.7,102.5,99.9,96.9,93.6,89.9,85.8,81.4,77,72.7,68.6,65,61.8,58.9,56.3,53.9,51.7,49.8,47.9,46.2,44.7,43.2,41.8,40.5,39.2,38.1,37,36,35,34.1,33.1,32.2,31.3,
Spain,ESP,"Mortality rate, infant (per 1,000 live births)",SP.DYN.IMRT.IN,,,,,,,,,,,,,,,20,18.5,17.1,15.7,14.5,13.4,12.4,11.5,10.8,10.1,9.6,9.2,8.8,8.4,8.1,7.8,7.4,7.1,6.7,6.3,5.9,5.6,5.2,4.9,4.7,4.5,4.4,4.3,4.1,4,3.9,3.8,3.7,3.6,3.4,3.3,3.2,3,2.9,2.9,2.8,2.7,2.7,2.6,2.5,
Estonia,EST,"Mortality rate, infant (per 1,000 live births)",SP.DYN.IMRT.IN,,,,,,,,,,,,,,,,,,,,,17.7,17.1,16.5,15.9,15.4,15,14.7,14.5,14.3,14.1,14,13.8,13.7,13.4,13,12.4,11.7,10.9,10.1,9.4,8.7,8,7.3,6.7,6.1,5.6,5.1,4.7,4.3,3.9,3.6,3.3,3.1,2.9,2.7,2.5,2.3,2.2,2.1,
Ethiopia,ETH,"Mortality rate, infant (per 1,000 live births)",SP.DYN.IMRT.IN,,,,,,,144.6,144.4,144.2,144.1,144,144,143.9,143.8,143.7,143.6,143.5,143.4,143,142.4,141.4,139.9,138.1,135.9,133.5,131.1,128.9,126.7,124.6,122.4,120.1,117.5,114.6,111.4,107.9,104.3,100.9,97.5,94.2,91,87.8,84.5,81,77.5,73.8,70.3,66.8,63.5,60.4,57.5,54.8,52.3,50,47.8,45.7,43.8,42.1,40.6,39.1,
European Union,EUU,"Mortality rate, infant (per 1,000 live births)",SP.DYN.IMRT.IN,,,,,,,,,,,,,,,,,,,,,,,,,,,,,,,9.883742707,9.408658244,8.931832637,8.464868504,7.997640468,7.574082922,7.14449272,6.775057883,6.441732201,6.149899166,5.893414639,5.6792541,5.484025866,5.291282805,5.11458329,4.926890936,4.729816169,4.53223928,4.346616129,4.209245511,4.075122926,3.945229649,3.863194177,3.768996378,3.662199621,3.563827661,3.47949746,3.410473253,3.318527562,
Fragile and conflict affected situations,FCS,"Mortality rate, infant (per 1,000 live births)",SP.DYN.IMRT.IN,,,,,,,,,,,,,,,,,,,,,,,,,,,,,,,96.1257576,94.86867526,93.62897368,92.45402871,91.2100453,89.88935337,88.47157295,86.8611613,85.14027411,83.27020929,81.34388648,79.3517053,77.34937767,75.37554855,73.42630743,71.4737666,69.59163291,67.61751122,66.01215864,63.88178234,62.62221498,60.41879345,58.7564941,57.28171374,55.90167238,54.56995663,53.28538855,52.04393942,50.85853898,
Finland,FIN,"Mortality rate, infant (per 1,000 live births)",SP.DYN.IMRT.IN,22,20.6,19.5,18.4,17.4,16.6,15.8,15.1,14.4,13.8,13.2,12.6,12,11.4,10.7,10.1,9.4,8.7,8.1,7.6,7.1,6.7,6.5,6.3,6.1,6,6,5.9,5.8,5.7,5.5,5.3,5,4.7,4.5,4.2,4,3.9,3.7,3.6,3.5,3.4,3.3,3.3,3.2,3.1,3,2.9,2.7,2.6,2.5,2.4,2.2,2.1,1.9,1.8,1.6,1.5,1.4,
Fiji,FJI,"Mortality rate, infant (per 1,000 live births)",SP.DYN.IMRT.IN,57.3,55.2,53.3,51.6,50.1,48.8,47.6,46.6,45.8,45.1,44.6,44.2,43.8,43.4,42.8,42.1,41.1,40,38.6,37.1,35.5,34,32.6,31.2,30.1,29,28,27.1,26.1,25.3,24.4,23.5,22.8,22.1,21.5,21,20.6,20.2,19.9,19.6,19.3,19.1,19,19.1,19.3,19.5,19.8,20,20.2,20.2,20.2,20.2,20.3,20.4,20.6,20.8,21.1,21.4,21.6,
France,FRA,"Mortality rate, infant (per 1,000 live births)",SP.DYN.IMRT.IN,23.6,22.4,21.3,20.3,19.3,18.5,17.7,17.1,16.4,15.8,15.1,14.3,13.7,13.2,12.7,12.3,11.9,11.5,11,10.6,10.2,9.8,9.5,9.1,8.8,8.5,8.3,8.1,7.9,7.7,7.4,7.1,6.7,6.2,5.8,5.4,5,4.8,4.6,4.5,4.4,4.3,4.2,4,3.9,3.8,3.7,3.6,3.6,3.6,3.5,3.5,3.5,3.5,3.4,3.4,3.4,3.4,3.4,
Faroe Islands,FRO,"Mortality rate, infant (per 1,000 live births)",SP.DYN.IMRT.IN,,,,,,,,,,,,,,,,,,,,,,,,,,,,,,,,,,,,,,,,,,,,,,,,,,,,,,,,,,,,
"Micronesia, Fed. Sts.",FSM,"Mortality rate, infant (per 1,000 live births)",SP.DYN.IMRT.IN,,,,,,,,,,,,,,,,,,,,,,44.3,44.9,45.2,45.5,45.5,45.2,44.7,44.1,43.6,43.2,42.9,42.8,42.9,43,43.2,43.3,43.4,43.1,42.6,41.9,41.1,40.2,39.2,38.2,37.2,36.2,35.2,34.2,33.3,32.3,31.4,30.5,29.6,28.8,28,27.3,26.4,25.6,
Gabon,GAB,"Mortality rate, infant (per 1,000 live births)",SP.DYN.IMRT.IN,,,,,,,,,,,,,,,,,,,79,76.6,74.2,71.9,69.8,67.8,66.1,64.6,63.4,62.3,61.5,60.8,60.2,59.7,59.3,58.8,58.3,57.9,57.4,56.8,56.1,55.3,54.4,53.4,52.3,51.2,50,48.7,47.5,46,44.7,43.6,42.2,40.9,39.6,38.3,37.4,36.3,34.8,33.7,32.7,
United Kingdom,GBR,"Mortality rate, infant (per 1,000 live births)",SP.DYN.IMRT.IN,22.9,22.5,22,21.4,20.8,20.1,19.6,19.1,18.7,18.4,18,17.6,17.2,16.6,16,15.4,14.7,14.1,13.4,12.7,12.1,11.4,10.8,10.4,10,9.7,9.4,9.2,8.8,8.4,7.9,7.4,6.9,6.6,6.3,6.1,6,5.9,5.7,5.7,5.6,5.5,5.4,5.3,5.2,5.1,5,4.9,4.7,4.6,4.4,4.2,4.1,4,3.9,3.8,3.7,3.7,3.6,
Georgia,GEO,"Mortality rate, infant (per 1,000 live births)",SP.DYN.IMRT.IN,,,,,,,,,,,,,,,,58.9,57,55,53.1,51.4,49.7,48.1,46.5,45.2,44,43.1,42.3,41.8,41.5,41.2,41,40.7,40.4,40,39.6,38.9,38,36.9,35.5,33.9,32.1,30.1,27.9,25.6,23.3,21.1,19,17.1,15.4,13.9,12.7,11.6,10.8,10.2,9.7,9.4,9.1,8.9,8.7,
Ghana,GHA,"Mortality rate, infant (per 1,000 live births)",SP.DYN.IMRT.IN,124.3,123.1,122.1,121.4,121,120.8,120.7,120.7,120.7,120.5,120.1,119.3,118.1,116.4,114.2,111.6,108.9,106.2,104,102.3,101.1,100.2,99.5,98.4,96.9,94.7,92.1,89,85.8,82.7,79.8,77.5,75.6,74.3,73.3,72.3,71.1,69.7,68.1,66.2,64.2,62.1,60.2,58.5,56.9,55.5,54.2,52.8,51.2,49.4,47.5,45.6,43.7,42,40.4,38.9,37.4,36.1,34.9,
Gibraltar,GIB,"Mortality rate, infant (per 1,000 live births)",SP.DYN.IMRT.IN,,,,,,,,,,,,,,,,,,,,,,,,,,,,,,,,,,,,,,,,,,,,,,,,,,,,,,,,,,,,
Guinea,GIN,"Mortality rate, infant (per 1,000 live births)",SP.DYN.IMRT.IN,,,,205.9,204.2,202.4,200.7,198.8,197,195.1,193.2,191.4,189.5,187.5,185.3,182.9,180.3,177.5,174.6,171.5,168.5,165.3,162.3,159.4,156.5,153.8,151,148.2,145.3,142.4,139.2,135.7,132,128.2,124.3,120.4,116.6,112.7,108.7,104.8,100.9,97.1,93.3,89.7,86.5,83.6,81.1,79,77.2,75.6,74.2,72.9,71.7,70.6,69.6,68.5,67.5,66.3,64.9,
"Gambia, The",GMB,"Mortality rate, infant (per 1,000 live births)",SP.DYN.IMRT.IN,152.7,150.1,147.7,145.2,142.7,140.2,138,135.7,133.3,131,128.7,126.3,123.8,121.4,119,116.4,114,111.5,109.3,107.1,104.9,102.6,100.2,97.8,95.3,92.8,90.4,88,85.7,83.6,81.6,79.5,77.5,75.5,73.5,71.5,69.5,67.6,65.7,63.9,62.1,60.4,58.7,57.2,55.6,54,52.5,51,49.7,48.4,47.2,46.1,44.9,43.9,42.9,41.9,40.9,40,39,
Guinea-Bissau,GNB,"Mortality rate, infant (per 1,000 live births)",SP.DYN.IMRT.IN,,,,,,,,,,,,,,,,,,,,,,,,,,143.8,141.1,138.7,136.4,134,131.5,129.1,126.7,124.3,121.8,119.2,116.5,113.8,111.1,108.3,105.5,102.6,99.5,96.3,92.9,89.5,86.1,82.5,79,75.6,72.3,69.2,66.2,63.8,61.6,59.5,57.5,55.7,54,
Equatorial Guinea,GNQ,"Mortality rate, infant (per 1,000 live births)",SP.DYN.IMRT.IN,,,,,,,,,,,,,,,,,,,,,,,135,132.5,130.1,127.8,125.9,124.4,123.3,122.3,121.4,120.7,119.9,119.1,118.3,117.3,116.1,114.5,112.5,110.2,107.7,105.1,102.4,99.6,96.7,93.8,90.7,87.8,85,82.2,79.6,77.1,74.7,72.4,70.4,68.3,66.2,64.5,62.6,
Greece,GRC,"Mortality rate, infant (per 1,000 live births)",SP.DYN.IMRT.IN,38.8,38,37.2,36.4,35.3,34.2,33.4,32.6,31.4,29.5,27.3,25.7,24.9,24.5,24,23.3,22.4,21.2,19.9,18.6,17.3,16.2,15.2,14.4,13.7,13,12.2,11.3,10.5,9.8,9.2,8.7,8.3,8,7.7,7.4,7.1,6.7,6.3,5.9,5.5,5.1,4.8,4.4,4.1,3.9,3.6,3.5,3.3,3.3,3.3,3.3,3.4,3.5,3.6,3.8,3.8,3.7,3.6,
Grenada,GRD,"Mortality rate, infant (per 1,000 live births)",SP.DYN.IMRT.IN,,,,,,,,,,,,,,,,,,,,,,,,,,21.2,20.6,20,19.3,18.7,18.1,17.4,16.8,16.2,15.6,15.1,14.6,14.2,13.9,13.6,13.3,13.1,12.9,12.8,12.6,12.5,12.5,12.4,12.5,12.5,12.6,12.7,12.9,13.1,13.3,13.5,13.7,13.8,13.7,
Greenland,GRL,"Mortality rate, infant (per 1,000 live births)",SP.DYN.IMRT.IN,,,,,,,,,,,,,,,,,,,,,,,,,,,,,,,,,,,,,,,,,,,,,,,,,,,,,,,,,,,,
Guatemala,GTM,"Mortality rate, infant (per 1,000 live births)",SP.DYN.IMRT.IN,147.3,144.1,140.9,137.8,134.8,131.7,128.7,125.6,122.5,119.5,116.4,113.3,110.2,107.1,104,101,97.9,94.8,91.9,88.9,86,83.2,80.3,77.5,74.7,72,69.3,66.7,64.1,61.6,59.3,57,54.9,52.8,50.8,48.9,47.1,45.4,43.7,42.1,40.6,39.2,37.9,36.6,35.3,34.1,33,31.9,30.8,29.8,28.8,27.8,26.8,25.9,25.1,24.3,23.5,22.8,22.1,
Guam,GUM,"Mortality rate, infant (per 1,000 live births)",SP.DYN.IMRT.IN,,,,,,,,,,,,,,,,,,,,,,,,,,,,,,,,,,,,,,,,,,,,,,,,,,,,,,,,,,,,
Guyana,GUY,"Mortality rate, infant (per 1,000 live births)",SP.DYN.IMRT.IN,66.9,64.5,62.4,60.6,59.1,58,57.1,56.4,55.9,55.5,55.3,55.1,55,54.9,54.7,54.6,54.3,54,53.7,53.3,52.9,52.5,52.1,51.6,51.1,50.5,49.9,49.2,48.4,47.5,46.5,45.5,44.5,43.4,42.4,41.4,40.5,39.6,38.8,37.9,37.1,36.4,35.6,34.9,34.2,33.5,32.9,32.3,31.7,31.1,30.6,30,29.4,28.8,28.1,27.4,26.6,25.9,25.1,
High income,HIC,"Mortality rate, infant (per 1,000 live births)",SP.DYN.IMRT.IN,,,,,,,,,,,,,,,,,,,,,,,,,,,,,,,10.4,9.9,9.4,9,8.5,8.1,7.7,7.4,7.1,6.8,6.6,6.4,6.2,6.1,5.9,5.8,5.6,5.5,5.3,5.2,5,4.9,4.8,4.7,4.6,4.5,4.4,4.3,4.3,
"Hong Kong SAR, China",HKG,"Mortality rate, infant (per 1,000 live births)",SP.DYN.IMRT.IN,,,,,,,,,,,,,,,,,,,,,,,,,,,,,,,,,,,,,,,,,,,,,,,,,,,,,,,,,,,,
Honduras,HND,"Mortality rate, infant (per 1,000 live births)",SP.DYN.IMRT.IN,139.8,135.5,131.3,127.2,123.3,119.4,115.7,112,108.4,104.8,101.3,97.7,94.2,90.7,87.3,84.1,80.9,77.7,74.6,71.6,68.7,65.9,63.1,60.5,58,55.5,53.2,51.1,49,46.9,45,43.2,41.5,39.9,38.3,36.9,35.5,34.2,36.5,31.6,30.3,29.1,27.9,26.8,25.6,24.6,23.6,22.6,21.7,20.8,20,19.3,18.6,17.9,17.3,16.7,16.1,15.6,15.1,
Heavily indebted poor countries (HIPC),HPC,"Mortality rate, infant (per 1,000 live births)",SP.DYN.IMRT.IN,,,,,,,,,,,,,,,,,,,,,,,,,,,,,,,108.9331251,107.369299,105.7750084,104.2125481,102.7189795,100.7216317,98.71640604,96.70794412,94.55855348,91.97527428,89.29387263,86.35041872,83.2719036,80.21360822,77.1755396,74.3063108,71.64686701,69.07081205,66.60308913,64.34757304,62.44024856,59.9947324,57.95736927,56.09869644,54.32375589,52.66616928,51.08134138,49.53962544,48.1337812,
Croatia,HRV,"Mortality rate, infant (per 1,000 live births)",SP.DYN.IMRT.IN,,,,,,,,,,,,,,,,,,,,,,20.7,19.4,18.2,17,15.9,14.8,13.8,12.8,11.9,11.2,10.5,9.9,9.4,9,8.6,8.3,8,7.7,7.4,7.2,6.9,6.6,6.3,6,5.8,5.5,5.3,5.1,4.9,4.7,4.5,4.4,4.3,4.2,4.2,4.1,4,4,
Haiti,HTI,"Mortality rate, infant (per 1,000 live births)",SP.DYN.IMRT.IN,189.1,186.3,183.6,181,178.2,175.4,172.6,169.6,166.7,163.6,160.4,157.2,153.8,150.4,147.1,143.8,140.5,137.3,134.1,130.9,127.8,124.8,121.7,118.8,116,113.2,110.5,107.9,105.3,102.7,100.1,97.5,94.8,92.2,89.6,86.9,84.2,81.5,79,76.5,74.2,72,69.9,68.2,66.6,65.2,63.8,62.6,61.4,60.2,85.6,57.9,56.8,55.7,54.5,53.3,52.1,50.8,49.5,
Hungary,HUN,"Mortality rate, infant (per 1,000 live births)",SP.DYN.IMRT.IN,47.5,45.6,44.2,42.7,41.1,39.8,38.8,37.9,36.9,35.9,35.1,34.7,34.5,34.6,34.3,32.6,29.5,26.4,24.2,22.8,21.6,20.4,19.7,19.6,19.8,19.6,18.6,17.4,16.4,15.8,15.2,14.6,13.7,12.7,11.6,10.8,10.3,9.9,9.6,9.2,8.7,8.1,7.6,7.1,6.8,6.4,6.1,5.8,5.5,5.3,5.1,4.9,4.8,4.7,4.5,4.3,4.1,3.8,3.6,
IBRD only,IBD,"Mortality rate, infant (per 1,000 live births)",SP.DYN.IMRT.IN,,,,,,,,,,,,,,,,,,,,,,,,,,,,,,,57.47725939,56.37582207,55.29153505,54.12890534,52.89711949,51.57259992,50.11182507,48.5917968,47.05140338,45.45522128,43.79298081,42.11502272,40.44622566,38.74942941,37.21223076,35.45859552,33.85028047,32.24407246,30.67492916,29.17764847,27.7178877,26.33956086,25.01903823,23.82103945,22.66420501,21.59424958,20.68847733,19.7497926,18.91966936,
IDA & IBRD total,IBT,"Mortality rate, infant (per 1,000 live births)",SP.DYN.IMRT.IN,,,,,,,,,,,,,,,,,,,,,,,,,,,,,,,70.39011561,69.52739215,68.68500439,67.78288677,66.80641501,65.63082306,64.29910046,62.86429871,61.35130914,59.68384205,57.92927748,56.08195369,54.20794892,52.29299037,50.48547564,48.56014189,46.7819705,45.02675224,43.36620451,41.7524859,40.28840651,38.80405207,37.46154165,36.25112901,35.09358268,34.0200697,33.07631102,32.11742663,31.24152122,
IDA total,IDA,"Mortality rate, infant (per 1,000 live births)",SP.DYN.IMRT.IN,,,,,,,,,,,,,,,,,,,,,,,,,,,,,,,103.3575967,101.9319936,100.4893376,99.06392665,97.62799052,95.86866557,94.03156653,92.0892867,90.01510599,87.65146417,85.21996651,82.60524534,79.94985336,77.27510546,74.64875924,72.11081857,69.74059697,67.44271999,65.34713305,63.2568439,61.50593875,59.56123835,57.89925081,56.38509549,54.94126251,53.57243719,52.27242161,50.97768871,49.72102372,
IDA blend,IDB,"Mortality rate, infant (per 1,000 live births)",SP.DYN.IMRT.IN,,,,,,,,,,,,,,,,,,,,,,,,,,,,,,,102.3337791,101.9188349,101.4514832,100.9783204,100.3536663,99.48215259,98.35395629,96.92289043,95.23320534,93.25548946,91.20698895,88.96267651,86.7387656,84.37134656,82.03622845,79.69504515,77.46669668,75.3513901,73.28368496,71.46152915,69.71430023,68.19834716,66.77451746,65.4844344,64.23613919,63.01706972,61.90859221,60.74934841,59.49375444,
Indonesia,IDN,"Mortality rate, infant (per 1,000 live births)",SP.DYN.IMRT.IN,148.7,145.1,141.6,138.1,134.6,131.1,127.5,123.9,120.2,116.8,113.3,110,106.8,103.7,100.6,97.7,95,92.4,89.9,87.5,85.2,82.9,80.6,78.3,76,73.7,71.4,69.1,66.7,64.4,61.9,59.5,57.2,54.9,52.7,50.5,48.5,46.5,44.6,42.8,41.1,39.5,38,36.5,36.3,33.8,32.5,31.3,30.2,29.2,28.1,27.1,26.2,25.3,24.3,23.5,22.6,21.9,21.1,
IDA only,IDX,"Mortality rate, infant (per 1,000 live births)",SP.DYN.IMRT.IN,,,,,,,,,,,,,,,,,,,,,,,,,,,,,,,103.8778572,101.9386803,100.00093,98.09381202,96.24973889,94.04582212,91.85638472,89.66240251,87.40026957,84.84714242,82.22582704,79.42483888,76.5493845,73.71324056,70.9299295,68.27877004,65.81937269,63.40863416,61.27735792,59.02726478,57.25319582,55.06615413,53.26249289,51.61698384,50.06075581,48.60873694,47.20948847,45.85042952,44.60439954,
Isle of Man,IMN,"Mortality rate, infant (per 1,000 live births)",SP.DYN.IMRT.IN,,,,,,,,,,,,,,,,,,,,,,,,,,,,,,,,,,,,,,,,,,,,,,,,,,,,,,,,,,,,
India,IND,"Mortality rate, infant (per 1,000 live births)",SP.DYN.IMRT.IN,161.4,159.1,156.9,154.9,153.1,151.3,149.6,148,146.4,144.7,142.9,141.1,138.9,136.6,134,131.2,128.1,124.8,121.3,118,114.7,111.6,108.7,105.9,103.4,100.9,98.4,95.9,93.4,90.9,88.6,86.3,84.2,82.1,80.1,78,75.8,73.5,71.2,68.9,66.6,64.3,62.1,59.9,57.8,55.7,53.6,51.5,49.4,47.3,45.1,43,40.9,38.9,36.9,35,33.2,31.5,29.9,
Not classified,INX,"Mortality rate, infant (per 1,000 live births)",SP.DYN.IMRT.IN,,,,,,,,,,,,,,,,,,,,,,,,,,,,,,,,,,,,,,,,,,,,,,,,,,,,,,,,,,,,
Ireland,IRL,"Mortality rate, infant (per 1,000 live births)",SP.DYN.IMRT.IN,30.4,29.2,28.1,27.1,26,24.7,23.4,22,20.7,19.7,19,18.6,18.2,17.9,17.5,16.9,16.1,15.2,14.2,13.1,12,11,10.3,9.7,9.3,8.9,8.6,8.4,8.3,8,7.6,7.2,6.8,6.4,6.2,6.1,6.1,6.1,6.1,6.1,6,5.8,5.4,5.1,4.7,4.4,4.1,3.9,3.7,3.6,3.5,3.5,3.4,3.3,3.3,3.3,3.2,3.2,3.1,
"Iran, Islamic Rep.",IRN,"Mortality rate, infant (per 1,000 live births)",SP.DYN.IMRT.IN,,,,,,,,,,,,125.5,119.9,114.7,109.6,104.2,98.7,92.9,87.2,81.5,76.1,71,66.5,62.5,59,56,53.2,50.6,48.1,45.8,43.7,41.7,40,38.3,36.9,35.4,34,32.6,31.2,29.7,28.2,26.8,25.5,24.2,23,21.8,20.7,19.6,18.6,17.7,16.9,16.1,15.5,14.9,14.3,13.8,13.3,12.8,12.4,
Iraq,IRQ,"Mortality rate, infant (per 1,000 live births)",SP.DYN.IMRT.IN,129.4,122.5,116.2,110.5,105.2,100.4,95.8,91.6,87.7,84,80.5,77.2,74.1,71.1,68.3,65.6,63,60.6,58.3,56.3,54.4,52.7,51.1,49.6,48.3,47,45.8,44.7,43.8,42.9,42.1,41.3,40.6,40,39.4,38.7,38.1,37.5,36.8,36.1,35.5,34.8,34.2,33.6,33,32.3,31.6,30.9,30.2,29.4,28.6,27.8,27,26.2,25.4,24.6,23.9,23.2,22.5,
Iceland,ISL,"Mortality rate, infant (per 1,000 live births)",SP.DYN.IMRT.IN,17.3,17,16.7,16.3,15.9,15.4,14.9,14.4,13.9,13.3,12.8,12.3,11.8,11.3,10.8,10.3,9.8,9.2,8.7,8.2,7.8,7.3,7,6.6,6.3,6.1,5.9,5.7,5.5,5.3,5.1,4.9,4.7,4.5,4.3,4.1,3.9,3.7,3.5,3.4,3.2,3,2.9,2.8,2.6,2.5,2.4,2.3,2.2,2.1,2,2,1.9,1.8,1.8,1.7,1.6,1.6,1.5,
Israel,ISR,"Mortality rate, infant (per 1,000 live births)",SP.DYN.IMRT.IN,,,,,,,,,,,,,,,24.8,22.4,20.3,18.6,17.2,16.1,15.3,14.6,14,13.4,12.8,12.1,11.5,11,10.5,10.1,9.7,9.2,8.7,8.2,7.6,7.1,6.7,6.4,6.1,5.9,5.6,5.4,5.2,5,4.7,4.5,4.3,4.1,3.9,3.8,3.7,3.5,3.4,3.3,3.2,3.1,3.1,3,3,
Italy,ITA,"Mortality rate, infant (per 1,000 live births)",SP.DYN.IMRT.IN,44.2,42.6,40.9,39.1,37.4,35.7,34.3,33.1,32,30.9,29.7,28.2,26.5,24.5,22.4,20.5,18.8,17.3,16.1,15.1,14.2,13.4,12.7,11.9,11.2,10.5,9.9,9.5,9,8.7,8.4,8,7.7,7.3,6.8,6.4,6,5.6,5.3,5,4.7,4.5,4.3,4.1,3.9,3.8,3.7,3.6,3.5,3.4,3.4,3.3,3.2,3.1,3,2.9,2.8,2.7,2.6,
Jamaica,JAM,"Mortality rate, infant (per 1,000 live births)",SP.DYN.IMRT.IN,60.8,58.6,56.7,54.8,53.1,51.6,50,48.6,47.1,45.7,44.3,42.9,41.6,40.3,39.1,37.9,36.9,35.9,34.9,34,33.1,32.2,31.4,30.6,29.8,29,28.3,27.5,26.8,26,25.3,24.6,23.9,23.2,22.6,21.9,21.3,20.7,20.1,19.5,19,18.5,18.1,17.7,17.4,17.2,16.9,16.7,16.4,16.1,15.7,15.3,14.9,14.5,14.1,13.7,13.2,12.8,12.4,
Jordan,JOR,"Mortality rate, infant (per 1,000 live births)",SP.DYN.IMRT.IN,107,101.4,96.1,91.2,86.6,82.4,78.4,74.8,71.4,68.3,65.3,62.5,59.9,57.4,55.1,52.9,50.8,48.7,46.8,44.9,43.1,41.4,39.8,38.2,36.7,35.3,34,32.8,31.6,30.6,29.6,28.8,27.9,27.2,26.4,25.8,25.1,24.5,23.9,23.3,22.7,22.1,21.6,21,20.4,19.9,19.3,18.8,18.3,17.8,17.4,16.9,16.5,16,15.6,15.2,14.8,14.3,13.9,
Japan,JPN,"Mortality rate, infant (per 1,000 live births)",SP.DYN.IMRT.IN,30.4,27.9,25.4,23.1,21,19.1,17.6,16.3,15.1,14.2,13.4,12.6,11.9,11.2,10.6,10,9.4,8.8,8.3,7.8,7.4,7,6.5,6.2,5.8,5.5,5.2,5,4.8,4.7,4.6,4.5,4.4,4.4,4.2,4.1,4,3.8,3.6,3.4,3.3,3.1,3,2.9,2.8,2.8,2.7,2.6,2.5,2.4,2.4,2.3,2.2,2.1,2.1,2.1,1.9,1.9,1.8,
Kazakhstan,KAZ,"Mortality rate, infant (per 1,000 live births)",SP.DYN.IMRT.IN,,,,,,,,,,,,68.2,66.7,65.4,64.2,63,62,61.1,60.1,59,57.6,56,54.4,52.7,51.1,49.7,48.3,46.9,45.7,44.9,44.4,44.3,44.5,44.8,45,44.8,44,42.6,40.9,39,36.9,34.9,33,31.1,29.4,27.6,25.7,23.8,21.9,20,18.1,16.2,14.5,13,11.7,10.6,9.8,9.2,8.8,
Kenya,KEN,"Mortality rate, infant (per 1,000 live births)",SP.DYN.IMRT.IN,118.2,113.7,109.7,106.4,103.7,101.6,99.9,98.2,96.6,94.9,93.1,91.3,89.3,87.2,85,82.6,80.1,77.6,75,72.6,70.4,68.4,66.6,65.2,64.1,63.4,63.3,63.7,64.7,66.1,67.7,69.4,70.7,71.7,72,71.7,70.7,69.5,67.8,65.9,63.7,61.3,58.6,55.7,52.8,49.6,46.7,44.2,41.4,39.9,38.6,37.4,36.8,35.8,34.7,33.3,32.4,31.8,30.6,
Kyrgyz Republic,KGZ,"Mortality rate, infant (per 1,000 live births)",SP.DYN.IMRT.IN,,,,,,,,,,,,,,,,87.8,86.2,84.5,82.8,80.9,78.7,76.3,73.6,70.7,67.7,64.7,61.7,58.9,56.5,54.8,53.9,53.7,53.7,53.8,53.5,52.4,50.6,48.6,46.4,44.3,42.2,40.3,38.6,37,35.4,34.1,32.7,31.2,29.6,27.8,26.1,24.5,23.1,22,20.9,19.9,18.9,17.9,16.9,
Cambodia,KHM,"Mortality rate, infant (per 1,000 live births)",SP.DYN.IMRT.IN,,,,,,,,,,,,,,,,177.7,165.7,154.4,141.9,128.9,116.4,105.4,96.9,91.4,88.3,86.5,85.5,85,84.8,84.7,84.7,84.8,85.1,85.5,86.1,86.6,86.9,86.7,85.8,83.5,79.5,73.8,67.6,62,57.3,53.2,49.8,46.6,43.5,40.5,37.7,35,32.6,30.5,28.9,27.5,26.2,25.1,24,
Kiribati,KIR,"Mortality rate, infant (per 1,000 live births)",SP.DYN.IMRT.IN,,,,121.4,117.4,113.3,109.5,105.9,102.4,99.3,96.5,93.9,91.8,90.1,88.8,87.7,86.9,86.3,85.8,85.5,85.2,84.7,84.1,83.3,82.3,80.8,78.9,76.8,74.3,71.6,69.1,66.8,64.8,63.1,61.6,60.3,59,57.8,56.4,55.1,53.8,52.5,51.6,50.8,50.5,50.4,50.4,50.5,50.4,50.1,49.4,48.6,47.8,46.7,45.6,44.6,43.5,42.4,41.2,
St. Kitts and Nevis,KNA,"Mortality rate, infant (per 1,000 live births)",SP.DYN.IMRT.IN,,,,,,,,,,,,58.5,56.2,54,51.9,50,48.3,46.6,44.9,43.1,41.1,39,36.8,34.6,32.6,30.8,29.2,27.8,26.7,25.8,25.2,24.6,24.2,23.8,23.4,22.9,22.4,21.7,20.9,20,19,17.9,16.9,15.9,15,14.3,13.7,13.1,12.7,12.3,12,11.7,11.4,11.2,10.9,10.7,10.4,10.1,9.8,
"Korea, Rep.",KOR,"Mortality rate, infant (per 1,000 live births)",SP.DYN.IMRT.IN,79.7,76.1,72.9,69.8,66.7,63.5,60.2,56.8,53.5,50.2,47.1,44.3,41.8,39.8,38,36.5,35,33.7,32.4,30.9,29.4,27.7,25.9,24.1,22.3,20.5,18.8,17.2,15.7,14.4,13.3,12.2,11.3,10.4,9.6,8.9,8.3,7.7,7.2,6.8,6.4,6.1,5.7,5.4,5.1,4.7,4.4,4.1,3.9,3.7,3.5,3.4,3.3,3.2,3.1,3,2.9,2.8,2.7,
Kuwait,KWT,"Mortality rate, infant (per 1,000 live births)",SP.DYN.IMRT.IN,97.7,91.8,86.1,80.7,75.7,70.9,66.5,62.5,58.9,55.8,52.8,50.1,47.5,45,42.6,40.3,38.1,35.9,33.8,31.7,29.5,27.3,25,22.8,21,19.5,18.4,17.5,16.7,15.9,15,14.9,13.6,13.1,12.7,12.3,11.9,11.6,11.2,10.9,10.6,10.4,10.3,10.1,10,9.8,9.7,9.5,9.4,9.2,8.9,8.6,8.2,7.9,7.6,7.3,7.1,6.9,6.7,
Latin America & Caribbean (excluding high income),LAC,"Mortality rate, infant (per 1,000 live births)",SP.DYN.IMRT.IN,,,,,,,,,,,,,,,,,,,,,,,,,,,,,,,44.27923796,42.57536144,40.86230259,39.08821846,37.34607769,35.63652021,33.92010205,32.288054,30.79111183,29.21815515,27.72670725,26.38547189,25.11533015,23.95029103,22.84966162,21.79956829,20.87270934,20.01840323,19.24598753,18.55045684,18.639139,17.35468886,16.8146889,16.31615774,15.82121167,15.41809119,15.49018449,14.71852897,14.23795516,
Lao PDR,LAO,"Mortality rate, infant (per 1,000 live births)",SP.DYN.IMRT.IN,,,,,,,,,,,,,,,,,,,144.8,141,137.4,133.9,130.5,127.3,124.1,120.9,117.8,114.8,111.8,108.6,105.4,102.2,99.1,95.9,92.9,89.9,87,84.2,81.5,78.9,76.2,73.6,71,68.4,65.9,63.3,60.8,58.4,56.1,53.8,51.7,49.5,47.5,45.6,43.7,42,40.4,39,37.6,
Lebanon,LBN,"Mortality rate, infant (per 1,000 live births)",SP.DYN.IMRT.IN,56.6,55.2,53.9,52.7,51.6,50.6,49.7,48.9,48.3,47.7,47.1,46.6,46.1,45.6,45,44.3,43.5,42.6,41.6,40.6,39.4,38.3,37.1,35.8,34.5,33.1,31.8,30.5,29.2,28,26.8,25.7,24.6,23.6,22.6,21.6,20.7,19.8,18.9,18,17,16.1,15.1,14.1,13.1,12.2,11.3,10.5,9.8,9.3,8.8,8.4,8,7.7,7.4,7.1,6.8,6.6,6.4,
Liberia,LBR,"Mortality rate, infant (per 1,000 live births)",SP.DYN.IMRT.IN,210.7,211.1,211,210.2,208.9,207.1,205,202.3,199.2,195.6,191.9,188.4,184.9,181.7,178.5,175.2,172.1,169.3,166.5,164,161.8,159.9,158.4,157.5,157.6,158.9,161.3,164.7,168.4,172,174.7,176,175.2,172.7,168.5,162.9,156.4,149.2,141.8,134,126,118,110.4,103,96,89.7,84.3,79.9,76,72.7,69.8,67.2,64.8,62.5,60.5,58.5,56.7,55,53.5,
Libya,LBY,"Mortality rate, infant (per 1,000 live births)",SP.DYN.IMRT.IN,163.4,155.2,147.3,139.6,132.2,125.2,118.5,112.1,106.1,100.4,95.1,90,85.2,80.7,76.3,72.3,68.7,65.3,62.3,59.5,56.9,54.5,52.1,49.8,47.6,45.5,43.4,41.3,39.3,37.4,35.5,33.8,32.2,30.8,29.6,28.4,27.4,26.5,25.7,24.9,24.2,23.4,22.7,21.9,20.9,19.8,18.6,17.3,16.1,15.1,14.3,13.9,12.9,12.4,11.9,11.4,11,10.6,10.2,
St. Lucia,LCA,"Mortality rate, infant (per 1,000 live births)",SP.DYN.IMRT.IN,,,,,,,,,,,58.1,52.9,48,43.4,39.3,35.6,32.5,29.9,27.9,26.3,25.1,24.1,23.3,22.6,22,21.3,20.6,20,19.4,19,18.5,18.2,17.9,17.5,17.1,16.7,16.3,16,15.7,15.5,15.4,15.4,15.4,15.6,15.7,15.9,16.1,16.2,16.4,16.4,16.4,16.4,16.3,16.2,16.1,15.9,15.6,15.2,14.9,
Latin America & Caribbean,LCN,"Mortality rate, infant (per 1,000 live births)",SP.DYN.IMRT.IN,,,,,,,,,,,,,,,,,,,,,,,,,,,,,,,43.3,41.6,39.9,38.2,36.5,34.8,33.2,31.6,30.2,28.7,27.2,25.9,24.7,23.5,22.4,21.4,20.5,19.7,18.9,18.3,18.3,17.1,16.6,16.1,15.6,15.2,15.2,14.5,14,
Least developed countries: UN classification,LDC,"Mortality rate, infant (per 1,000 live births)",SP.DYN.IMRT.IN,,,,,,,,,,,,,,,,,,,,,,,,,,,,,,,108.4142489,106.3918732,104.3520502,102.3470758,100.4252311,98.13549114,95.87351412,93.61085029,91.23397997,88.62584703,85.90239022,82.98734474,79.98209779,77.00502428,74.0766595,71.27057265,68.64222286,66.06187285,63.76816308,61.33046038,59.3966642,57.00560124,55.02917564,53.23058333,51.54187281,49.98168274,48.49116879,47.05107159,45.73573683,
Low income,LIC,"Mortality rate, infant (per 1,000 live births)",SP.DYN.IMRT.IN,,,,,,,,,,,,,,,,,,,,,,,,,,,,,,,110.2,108.5,106.7,105,103.4,101.2,99,96.7,94.2,91.5,88.6,85.5,82.3,79.2,76.1,73.2,70.6,68,65.5,63.3,61.5,59.1,57.1,55.4,53.8,52.3,50.8,49.4,48.1,
Liechtenstein,LIE,"Mortality rate, infant (per 1,000 live births)",SP.DYN.IMRT.IN,,,,,,,,,,,,,,,,,,,,,,,,,,,,,,,,,,,,,,,,,,,,,,,,,,,,,,,,,,,,
Sri Lanka,LKA,"Mortality rate, infant (per 1,000 live births)",SP.DYN.IMRT.IN,70.6,68.1,65.7,63.5,61.6,59.8,58.2,56.9,55.8,54.8,54.1,53.3,52.6,51.8,50.8,49.5,48,46.1,44.1,41.9,39.5,36.9,34.1,31.1,28.1,25.2,22.7,20.7,19.5,18.9,18.7,18.6,18.4,18.1,17.7,17.1,16.5,15.9,15.3,14.7,14.2,13.8,13.4,13,15.4,12.2,11.7,11.1,10.6,10.3,10,9.6,9.1,8.6,8,7.5,7,6.7,6.4,
Lower middle income,LMC,"Mortality rate, infant (per 1,000 live births)",SP.DYN.IMRT.IN,,,,,,,,,,,,,,,,,,,,,,,,,,,,,,,84.3,82.6,81,79.4,77.9,76.3,74.6,72.8,70.9,68.9,66.9,64.8,62.8,60.8,58.8,56.8,54.9,53,51.3,49.4,47.7,46.1,44.6,43.1,41.7,40.4,39.2,38,36.9,
Low & middle income,LMY,"Mortality rate, infant (per 1,000 live births)",SP.DYN.IMRT.IN,,,,,,,,,,,,,,,,,,,,,,,,,,,,,,,70.61833611,69.76192437,68.9282529,68.0339177,67.06500874,65.89273526,64.55839454,63.11306889,61.58315757,59.89381013,58.11570039,56.24581629,54.353507,52.42623956,50.61205075,48.684833,46.90730074,45.15206593,43.48962249,41.87208572,40.40190958,38.90962581,37.55891416,36.3412895,35.17777251,34.09915884,33.15120449,32.18848602,31.30871595,
Lesotho,LSO,"Mortality rate, infant (per 1,000 live births)",SP.DYN.IMRT.IN,141.1,140.5,140.4,140.7,141,141,140.7,139.7,138.3,136.1,133.6,130.9,128,124.9,121.4,117.5,113.4,109,104.4,99.9,95.6,91.4,87.5,84,80.9,78.2,76.1,74.3,73,72.3,72,72.2,73.1,74.3,75.8,77.5,78.9,80.7,82.3,83.8,85.4,86.5,86.5,86.5,86,85.4,85,83,84.3,80.4,77.4,74.6,74,73,71.3,71.2,70.3,68.8,65.7,
Late-demographic dividend,LTE,"Mortality rate, infant (per 1,000 live births)",SP.DYN.IMRT.IN,,,,,,,,,,,,,,,,,,,,,,,,,,,,,,,39.76109799,39.10389164,38.26402123,37.28946563,36.12533492,34.93205054,33.60407626,32.25317103,30.87744333,29.3637278,27.72881392,26.0617939,24.34579225,22.63083671,21.10740037,19.53723521,18.22785288,17.00700354,15.87905278,14.91552728,14.08254021,13.25893738,12.46910164,11.80156788,11.14443516,10.49584769,10.01850832,9.412206972,8.962201651,
Lithuania,LTU,"Mortality rate, infant (per 1,000 live births)",SP.DYN.IMRT.IN,,,,,,,,21.3,20.6,19.6,18.1,16.8,16.3,16.8,17.6,17.9,17.8,17.4,17.1,16.6,16.1,15.6,15.1,14.8,14.3,13.7,12.9,12,11.3,11.1,11.9,13.2,14.3,14.2,13.3,12,10.7,9.8,9.2,8.9,8.5,8.2,7.9,7.7,7.4,7.2,6.9,6.4,5.9,5.4,4.8,4.4,4.2,4.1,4,4,3.8,3.6,3.3,
Luxembourg,LUX,"Mortality rate, infant (per 1,000 live births)",SP.DYN.IMRT.IN,,,,,25.9,24.6,23.4,22.3,21.2,20.1,19,18,17,16,15,14.2,13.4,12.8,12.2,11.7,11.3,10.9,10.5,10.1,9.7,9.3,8.9,8.5,8.1,7.7,7.2,6.8,6.4,6,5.6,5.2,4.9,4.6,4.4,4.1,3.9,3.7,3.5,3.3,3.2,3,2.8,2.7,2.6,2.5,2.4,2.3,2.3,2.2,2.2,2.1,2.1,2,1.9,
Latvia,LVA,"Mortality rate, infant (per 1,000 live births)",SP.DYN.IMRT.IN,,,,,,,,,,,,,,,,,,,,15.3,15.3,15.3,15.1,14.7,14.1,13.2,12.4,11.8,11.7,12.2,13.2,14.3,15.1,15.7,15.8,15.7,15.2,14.3,13.4,12.4,11.5,10.8,10.2,9.7,9.2,8.6,8.1,7.7,7.3,6.9,6.5,6.1,5.6,5.1,4.6,4.2,3.9,3.6,3.3,
"Macao SAR, China",MAC,"Mortality rate, infant (per 1,000 live births)",SP.DYN.IMRT.IN,,,,,,,,,,,,,,,,,,,,,,,,,,,,,,,,,,,,,,,,,,,,,,,,,,,,,,,,,,,,
St. Martin (French part),MAF,"Mortality rate, infant (per 1,000 live births)",SP.DYN.IMRT.IN,,,,,,,,,,,,,,,,,,,,,,,,,,,,,,,,,,,,,,,,,,,,,,,,,,,,,,,,,,,,
Morocco,MAR,"Mortality rate, infant (per 1,000 live births)",SP.DYN.IMRT.IN,143.9,141.6,139.4,137.1,134.7,132.2,129.7,127.1,124.7,122.3,120.2,118.1,116.2,114.1,111.8,109.3,106.5,103.4,100.1,96.8,93.3,90,86.6,83.2,79.9,76.5,73.4,70.4,67.5,64.9,62.5,60.1,57.9,55.6,53.5,51.3,49.3,47.3,45.3,43.5,41.7,40,38.5,36.9,35.5,34,32.7,31.3,30,28.8,27.5,26.3,25.2,24,22.9,21.9,20.9,20.1,19.2,
Monaco,MCO,"Mortality rate, infant (per 1,000 live births)",SP.DYN.IMRT.IN,,,,,,,,,,,,,,,,,,,,,,,,,,7.9,7.6,7.2,6.9,6.6,6.3,6.1,5.8,5.5,5.3,5.1,4.9,4.7,4.5,4.4,4.2,4.1,4,3.8,3.7,3.7,3.6,3.5,3.4,3.3,3.3,3.2,3.1,3,3,2.9,2.8,2.7,2.6,
Moldova,MDA,"Mortality rate, infant (per 1,000 live births)",SP.DYN.IMRT.IN,,,,,,,,,,,,49.7,48.5,47.4,46.2,45,43.7,42.6,41.6,40.7,39.7,38.6,37.4,36,34.4,32.8,31.3,29.9,28.7,27.9,27.5,27.7,28.4,29.5,30.5,31.3,31.4,31,29.8,28.2,26,23.7,21.5,19.6,18,16.9,16.1,15.5,15.2,14.9,14.8,14.6,14.4,14.3,14.1,14,13.9,13.8,13.6,
Madagascar,MDG,"Mortality rate, infant (per 1,000 live births)",SP.DYN.IMRT.IN,,,,,,,,,90.9,91.8,92.7,93.7,94.9,96.2,97.6,99,100.3,101.5,102.6,103.6,104.9,106.4,107.8,108.7,109,108.6,107.5,105.6,103,100.2,97.4,94.6,92.1,89.7,87.3,84.8,81.9,78.8,75.4,72,68.6,65.4,62.4,59.5,57,54.8,52.7,50.9,49.1,47.5,46,44.7,43.6,42.6,41.6,40.8,39.9,39.1,38.2,
Maldives,MDV,"Mortality rate, infant (per 1,000 live births)",SP.DYN.IMRT.IN,,,,,210.1,203.9,197.6,191.4,185.1,178.6,171.9,164.9,157.5,149.8,142.2,134.8,127.7,120.8,114.7,108.8,103.3,98.2,93.3,88.8,84.5,80.5,76.6,72.9,69.4,66.1,62.9,59.9,56.9,54,51,48,44.8,41.6,38.3,35.1,31.9,28.7,25.7,23,21.1,18.5,16.7,15.2,13.9,12.9,11.9,11.1,10.4,9.7,9.1,8.6,8.1,7.7,7.4,
Middle East & North Africa,MEA,"Mortality rate, infant (per 1,000 live births)",SP.DYN.IMRT.IN,,,,,,,,,,,,,,,,,,,,,,,,,,,,,,,49.9,48.1,46.4,44.7,43.1,41.5,39.9,38.4,36.9,35.4,34,32.6,31.3,30,28.7,27.6,26.4,25.3,24.3,23.4,22.6,21.9,21.3,20.7,20.2,19.7,19.2,18.8,18.3,
Mexico,MEX,"Mortality rate, infant (per 1,000 live births)",SP.DYN.IMRT.IN,103.7,99.8,96.3,93.3,90.7,88.3,86.1,83.9,81.7,79.4,76.9,74.5,72.1,69.8,67.6,65.6,63.6,61.6,59.5,57.2,54.9,52.5,50.1,48,45.9,44.1,42.4,40.7,39.1,37.5,35.9,34.3,32.8,31.3,29.9,28.6,27.2,25.9,24.6,23.4,22.2,21.1,20.1,19.1,18.3,17.5,16.9,16.3,15.8,15.3,14.9,14.5,14.1,13.7,13.2,12.7,12.2,11.6,11,
Marshall Islands,MHL,"Mortality rate, infant (per 1,000 live births)",SP.DYN.IMRT.IN,85.8,82.2,78.9,75.7,72.8,70.1,67.7,65.4,63.1,61,59,57.1,55.5,54.2,53.2,52.5,52,51.5,51,50.5,49.8,49.1,48.2,47.2,46.1,45.1,44,42.8,41.5,40.2,38.8,37.5,36.2,35,34.1,33.5,33.1,32.9,32.9,32.9,33,32.9,32.8,32.6,32.5,32.4,32.3,32.1,31.9,31.8,31.7,31.5,31.1,30.6,30.1,29.5,28.8,28.1,27.4,
Middle income,MIC,"Mortality rate, infant (per 1,000 live births)",SP.DYN.IMRT.IN,,,,,,,,,,,,,,,,,,,,,,,,,,,,,,,65.21691148,64.28736556,63.37982662,62.40442344,61.34879285,60.16705364,58.82485451,57.37647681,55.87835982,54.26479143,52.57869442,50.83618535,49.09451824,47.30994774,45.65819361,43.84413522,42.17668615,40.52963468,38.97016058,37.42306782,35.96603525,34.61522488,33.33208589,32.16924696,31.05316713,30.01303479,29.1219325,28.20159628,27.3546151,
North Macedonia,MKD,"Mortality rate, infant (per 1,000 live births)",SP.DYN.IMRT.IN,,,,,,,,,,,,,,,,,,,,,,52.7,50.1,47.9,46.3,45.2,44,42.4,39.9,36.4,32.9,30.8,29.9,28.6,25.4,21.7,19,17.5,16.5,15.3,14.1,13.3,12.9,12.8,12.5,12.1,11.6,11,10.4,9.6,9,8.8,9.2,9.9,10.5,10.8,10.5,9.7,8.7,
Mali,MLI,"Mortality rate, infant (per 1,000 live births)",SP.DYN.IMRT.IN,,,,203,199.6,196.4,193.2,190.3,187.5,184.8,182.2,179.5,176.8,173.7,170.5,167,163.4,159.8,156.1,152.6,149,145.5,142.1,138.7,135.4,132.3,129.4,126.7,124.2,121.8,119.8,117.9,116.2,114.8,113.4,112,110.4,108.7,106.7,104.4,101.8,99.2,96.4,93.7,91.1,88.6,86.2,83.9,81.6,79.4,77.2,75.1,73,71,69.1,67.2,65.4,63.6,62,
Malta,MLT,"Mortality rate, infant (per 1,000 live births)",SP.DYN.IMRT.IN,36.4,35,33.8,32.7,31.7,30.7,29.6,28.4,27.2,26,24.8,23.6,22.4,21.2,20.1,19,18,17.1,16.3,15.6,15,14.4,13.9,13.3,12.8,12.3,11.8,11.3,10.8,10.4,10,9.6,9.3,8.9,8.6,8.2,7.9,7.5,7.2,6.9,6.7,6.4,6.3,6.1,6,6,5.9,5.9,5.9,5.9,5.9,6,6,6,6,6.1,6.1,6.1,6.1,
Myanmar,MMR,"Mortality rate, infant (per 1,000 live births)",SP.DYN.IMRT.IN,,,,,,,,,122.6,120.4,118.4,116.4,114.4,112.3,110.2,107.9,105.8,103.6,101.5,99.5,97.6,95.7,93.9,92.3,90.7,89.1,87.6,86.2,84.7,83.2,81.5,79.9,78.2,76.5,74.7,73,71.4,69.7,68.1,66.6,65,63.5,62,60.4,58.8,57.1,55.5,53.8,56.3,50.3,48.5,46.8,45.1,43.5,42,40.6,39.3,38,36.8,
Middle East & North Africa (excluding high income),MNA,"Mortality rate, infant (per 1,000 live births)",SP.DYN.IMRT.IN,,,,,,,,,,,,,,,,,,,,,,,,,,,,,,,52.21948484,50.41483618,48.79020255,47.1830809,45.63210385,44.01130836,42.42924028,40.89261688,39.33804287,37.79948242,36.30445917,34.85812617,33.47022825,32.10734197,30.83107245,29.54790646,28.3612931,27.20472994,26.10053937,25.12474433,24.25647087,23.54625668,22.93353872,22.31944873,21.77864202,21.22065332,20.73590755,20.24118231,19.78586816,
Montenegro,MNE,"Mortality rate, infant (per 1,000 live births)",SP.DYN.IMRT.IN,,,,,,,,,,,,,,,,,,,,,,,,,24.2,22,20.1,18.3,16.9,15.7,14.8,14.2,13.8,13.6,13.5,13.5,13.5,13.5,13.3,13.1,12.7,12.2,11.6,11,10.2,9.5,8.7,7.9,7.2,6.5,5.8,5.1,4.6,4,3.5,3.1,2.8,2.5,2.3,
Mongolia,MNG,"Mortality rate, infant (per 1,000 live births)",SP.DYN.IMRT.IN,,,,,,,,,,,,,,,,,,,117.9,114,110.5,107,103.7,100.4,97.2,93.8,90.3,86.8,83.3,80,76.9,74.1,71.3,68.7,66.2,63.6,60.9,58,55.1,52,48.8,45.6,42.3,39.2,36.3,33.5,30.9,28.4,26.1,23.9,22,20.2,18.8,17.7,16.7,15.9,15.2,14.6,14,
Northern Mariana Islands,MNP,"Mortality rate, infant (per 1,000 live births)",SP.DYN.IMRT.IN,,,,,,,,,,,,,,,,,,,,,,,,,,,,,,,,,,,,,,,,,,,,,,,,,,,,,,,,,,,,
Mozambique,MOZ,"Mortality rate, infant (per 1,000 live births)",SP.DYN.IMRT.IN,,,,,179,180.1,180.9,181.5,181.8,181.8,181.7,181.2,180.5,179.9,179,178.2,177.4,176.6,176.3,175.9,175.7,175.3,174.7,173.8,172.4,170.6,168.7,166.7,164.7,162.7,160.6,158.3,155.5,152.3,148.6,144.1,138.7,132.4,125.9,119.6,113.4,107.5,102,97.1,92.6,88.5,84.7,79.9,76.9,73.6,72.3,68.5,65.7,63.1,61.2,59.3,57.5,55.5,54,
Mauritania,MRT,"Mortality rate, infant (per 1,000 live births)",SP.DYN.IMRT.IN,130.5,127.6,124.8,122,119.2,116.4,113.6,110.7,108,105.8,104.4,103.5,103.2,103,102.6,101.8,100.4,98.6,96.4,94.2,92.2,90.1,88.1,86,83.6,81,78.3,75.9,73.9,72.3,71.1,70.3,69.8,69.5,69.4,69.5,69.6,69.7,69.7,69.6,69.5,69.4,69.2,69,68.5,67.8,66.8,65.7,64.5,63.2,61.9,60.6,59.4,58.1,56.7,55.4,54.1,52.8,51.5,
Mauritius,MUS,"Mortality rate, infant (per 1,000 live births)",SP.DYN.IMRT.IN,67.8,66.3,63.6,60,58.1,60.5,65.4,68.2,66.3,62.8,60.4,59.5,58.8,57.4,54.4,49.5,44,39.4,36.1,33.9,32.2,30.6,28.4,25.9,24.1,23.8,24.3,24.3,23.1,21.4,19.9,18.9,18.4,18.5,18.8,19.4,19.9,19.8,19,17.7,16.3,15.1,14.2,13.8,13.7,13.8,14,14,13.8,13.5,13.3,13.1,12.9,12.8,12.6,12.5,12.6,12.9,13.6,
Malawi,MWI,"Mortality rate, infant (per 1,000 live births)",SP.DYN.IMRT.IN,,,,,,,211,209.8,208.7,206.9,204.4,201,196.7,191.6,186,180.4,174.8,168.7,162,155.2,149.7,145.3,142.9,142.8,144.3,146.4,147.8,148,146.4,143.2,139.2,134.8,130.2,125.7,121.5,118,115.4,113,110,106,100.4,93.3,85.6,78.2,71.9,67.1,64,62,59.2,57.4,55.4,51.8,48.4,45.2,42.3,40.3,38.3,36.8,35.3,
Malaysia,MYS,"Mortality rate, infant (per 1,000 live births)",SP.DYN.IMRT.IN,67.3,63.3,59.6,56.3,53.3,50.7,48.4,46.4,44.7,43.1,41.8,40.4,39,37.5,35.8,34.1,32.3,30.5,28.7,26.9,25.2,23.6,22.1,20.8,19.5,18.4,17.4,16.5,15.7,14.9,14.3,13.6,13,12.4,11.9,11.5,11.1,10.7,10.1,9.4,8.7,8.1,7.6,7.3,7.1,7,6.8,6.8,6.7,6.8,6.8,6.8,6.8,6.8,6.8,6.8,6.8,6.7,6.7,
North America,NAC,"Mortality rate, infant (per 1,000 live births)",SP.DYN.IMRT.IN,,,,,,,,,,,,,,,,,,,,,,,,,,,,,,,9.2,8.9,8.6,8.3,8,7.7,7.5,7.3,7.2,7.1,7,6.9,6.8,6.8,6.7,6.6,6.6,6.5,6.4,6.2,6.1,6,5.9,5.8,5.8,5.7,5.6,5.6,5.5,
Namibia,NAM,"Mortality rate, infant (per 1,000 live births)",SP.DYN.IMRT.IN,,,,,,,,62.5,62.7,63,63.4,63.7,64.1,64.5,64.8,65.2,65.6,66,66.1,66.1,65.6,64.8,63.6,62.1,60.3,58.3,56.3,54.4,52.7,51,49.6,48.4,47.5,47,46.8,46.9,47,47.1,47.2,47.2,47.2,47,46.9,46.6,45.6,42.3,40,38.9,37.7,38,36.3,36.1,36.6,35.3,34.4,33.5,30.6,29.7,29,
New Caledonia,NCL,"Mortality rate, infant (per 1,000 live births)",SP.DYN.IMRT.IN,,,,,,,,,,,,,,,,,,,,,,,,,,,,,,,,,,,,,,,,,,,,,,,,,,,,,,,,,,,,
Niger,NER,"Mortality rate, infant (per 1,000 live births)",SP.DYN.IMRT.IN,,,,,,,,128,129.4,130.9,132.3,133.8,135.1,136,136.4,136.2,135.3,133.8,132.1,130.6,129.8,129.6,130.2,131.5,133,134.6,135.6,136,135.6,134.5,132.8,130.4,127.5,124,119.9,115.4,111,107.1,103.7,100.5,97.4,94.2,90.6,86.8,82.9,79,75.3,71.7,68.3,65.1,62.1,59.5,57.2,55.2,53.5,52,50.5,49.1,48,
Nigeria,NGA,"Mortality rate, infant (per 1,000 live births)",SP.DYN.IMRT.IN,,,,,195,190.7,186.6,182.4,178.2,173.7,169,164.2,159,154,149,144.1,139.5,135.4,131.7,128.8,126.4,124.7,123.7,123.3,123.3,123.7,124.2,124.7,125,125.2,125.1,124.9,124.5,124,123.4,122.3,120.9,118.9,116.5,113.7,110.9,107.8,104.8,101.6,98.6,95.6,92.8,90.2,87.9,85.9,84.1,82.7,81.5,80.5,79.6,78.7,77.9,76.9,75.7,
Nicaragua,NIC,"Mortality rate, infant (per 1,000 live births)",SP.DYN.IMRT.IN,130.9,129.9,129,128.1,127.1,125.9,124.7,123.3,121.7,119.9,117.8,115.5,112.8,109.5,105.7,101.5,96.7,91.7,86.6,81.6,76.8,72.4,68.6,65.3,62.5,60,57.9,56,54.3,52.5,50.6,48.6,46.4,44.2,42,39.9,37.7,35.7,34.8,31.7,29.9,28.2,26.6,25.1,23.7,22.3,21.1,20,19,18.1,17.5,17,16.6,16.4,16.3,16.1,16,15.9,15.7,
Netherlands,NLD,"Mortality rate, infant (per 1,000 live births)",SP.DYN.IMRT.IN,16.5,16,15.6,15.2,14.9,14.5,14.2,13.8,13.4,13,12.6,12.2,11.7,11.3,10.9,10.5,10.1,9.7,9.4,9,8.8,8.6,8.4,8.2,8,7.9,7.7,7.5,7.2,7,6.8,6.6,6.3,6.1,5.9,5.7,5.5,5.4,5.3,5.2,5.1,5,4.9,4.8,4.6,4.5,4.3,4.1,4,3.9,3.8,3.7,3.6,3.5,3.5,3.4,3.4,3.3,3.3,
Norway,NOR,"Mortality rate, infant (per 1,000 live births)",SP.DYN.IMRT.IN,18.4,17.9,17.5,17.1,16.6,16,15.4,14.8,14.2,13.7,13.2,12.7,12.1,11.6,11,10.5,9.9,9.3,8.8,8.4,8.2,8,8,8.1,8.2,8.3,8.3,8.2,7.9,7.5,7,6.4,5.9,5.4,4.9,4.6,4.4,4.2,4.1,4,3.9,3.8,3.7,3.5,3.4,3.3,3.1,3,2.9,2.7,2.6,2.5,2.4,2.3,2.3,2.2,2.1,2.1,2.1,
Nepal,NPL,"Mortality rate, infant (per 1,000 live births)",SP.DYN.IMRT.IN,216.1,213.3,210.2,206.4,202.3,197.9,193.5,189.1,184.8,180.7,176.8,173,169.3,165.8,162.3,158.7,155.1,151.4,147.6,143.7,139.7,135.6,131.5,127.4,123.2,119,114.9,110.6,106.1,101.7,97.2,92.7,88.4,84.2,80.3,76.5,72.9,69.4,66.1,63,59.9,57,54.3,51.8,49.4,47.1,44.9,42.8,40.9,39,37.3,35.6,34,32.5,31.1,29.8,28.7,27.6,26.7,
Nauru,NRU,"Mortality rate, infant (per 1,000 live births)",SP.DYN.IMRT.IN,,,,,,,,,,,,,,,,,,,,,,,,,,54.6,52.7,51,49.4,47.8,46.1,44.6,43.1,41.7,40.3,39,37.8,36.6,35.5,34.5,33.6,32.9,32.3,31.8,31.6,31.5,31.6,31.8,32,31.9,31.7,31.3,30.7,30.1,29.5,28.7,28,27.2,26.4,
New Zealand,NZL,"Mortality rate, infant (per 1,000 live births)",SP.DYN.IMRT.IN,22.5,21.7,20.9,20,19.3,18.7,18.3,17.9,17.5,17.2,16.9,16.5,16.2,15.8,15.4,14.9,14.5,14,13.5,13.1,12.7,12.4,12.1,11.9,11.6,11.3,11,10.6,10.1,9.7,9.1,8.7,8.2,7.8,7.5,7.2,6.9,6.7,6.4,6.3,6.1,5.9,5.8,5.7,5.5,5.4,5.3,5.3,5.2,5.1,5.1,5,5,5,5,4.9,4.9,4.8,4.7,
OECD members,OED,"Mortality rate, infant (per 1,000 live births)",SP.DYN.IMRT.IN,,,,,,,,,,,,,,,,,,,,,,,,,,,,,,,16.92916245,16.16453684,15.43623529,14.72842604,14.03751171,13.40156155,12.77107204,12.17945622,11.61066124,11.09050054,10.58039716,10.08536006,9.611065787,9.181157653,8.779651015,8.392687658,8.081888506,7.755019436,7.470046358,7.212721551,6.969734158,6.751137589,6.570197152,6.414160115,6.219895183,6.041628707,5.88349395,5.69413827,5.494059347,
Oman,OMN,"Mortality rate, infant (per 1,000 live births)",SP.DYN.IMRT.IN,,,,216.3,206.3,196.8,187.8,178.8,170.1,161.4,152.7,144.7,136.9,129.2,121.7,114.3,107.1,99.8,92.5,85.5,78.7,72.1,65.9,60.1,54.7,49.8,45.4,41.4,37.8,34.5,31.6,29,26.5,24.2,22.2,20.4,18.9,17.5,16.3,15.2,14.2,13.3,12.5,11.9,11.4,11,10.7,10.5,10.3,10.2,10.1,9.9,9.8,9.7,9.7,9.7,9.7,9.8,9.8,
Other small states,OSS,"Mortality rate, infant (per 1,000 live births)",SP.DYN.IMRT.IN,,,,,,,,,,,,,,,,,,,,,,,,,,,,,,,65.66043965,64.90016367,64.40777849,64.03455269,63.74924281,63.50037988,63.14746408,62.77330412,62.29138442,61.7088732,60.98449143,60.06062862,58.91389553,57.69297316,56.2030371,54.22705667,52.19355222,50.64685487,49.42074551,47.63351273,45.80141636,44.50501524,43.30327255,42.00310989,40.94903709,39.79457112,38.53417976,37.51954032,36.39172647,
Pakistan,PAK,"Mortality rate, infant (per 1,000 live births)",SP.DYN.IMRT.IN,185.7,179.5,173.6,168.2,163.3,158.7,154.7,151.1,147.9,145,142.3,139.9,137.6,135.5,133.6,131.8,130,128.4,126.8,125.2,123.6,122,120.4,118.7,117,115.2,113.4,111.6,109.8,108,106.3,104.5,102.7,101,99.2,97.4,95.5,93.6,91.7,89.7,87.8,85.9,84.2,82.5,80.7,79,77.3,75.6,73.9,72.1,70.4,68.7,67,65.4,63.7,62.1,60.5,58.8,57.2,
Panama,PAN,"Mortality rate, infant (per 1,000 live births)",SP.DYN.IMRT.IN,65.3,63.6,61.9,60.3,58.7,57.3,55.9,54.5,53.1,51.6,49.8,48,45.9,44,42.1,40.6,39.2,37.9,36.9,35.9,34.9,33.8,32.8,31.7,30.7,29.7,28.8,27.9,27,26.3,25.6,25,24.5,24.1,23.8,23.5,23.2,22.9,22.6,22.2,21.8,21.4,20.9,20.4,19.9,19.5,19,18.5,18,17.5,17,16.5,16,15.5,15,14.5,14,13.6,13.1,
Peru,PER,"Mortality rate, infant (per 1,000 live births)",SP.DYN.IMRT.IN,135.7,132.5,129.2,125.6,122.1,118.6,115.3,112.2,109.3,106.6,104.1,101.6,99,96.5,94,91.7,89.6,87.8,86.2,84.7,83.1,81.4,79.4,77,74.3,71.4,68.3,65.2,62.2,59.5,56.9,54.3,51.6,48.8,46,43.1,40.1,37.3,34.6,32,29.6,27.4,25.5,23.7,22.1,20.7,19.5,18.3,17.3,16.4,15.6,14.9,14.3,13.7,13.1,12.5,12,11.5,11.1,
Philippines,PHL,"Mortality rate, infant (per 1,000 live births)",SP.DYN.IMRT.IN,66.6,64.7,63.2,61.8,60.7,59.5,58.5,57.5,56.6,55.8,55.2,54.9,54.6,54.5,54.4,54.3,54.2,54.1,53.8,53.4,52.8,52.3,51.7,51,50.1,49,47.6,45.9,44,42,40,38.1,36.4,34.9,33.6,32.5,31.5,30.6,29.9,29.3,28.8,28.3,27.9,27.4,27,26.6,26.2,25.8,25.5,25.3,25,24.7,24.4,24.2,24,23.7,23.4,22.9,22.5,
Palau,PLW,"Mortality rate, infant (per 1,000 live births)",SP.DYN.IMRT.IN,,,,,,,,,,,,,,,,,,,,,,,,,,28.7,28.9,29.1,29.3,29.4,29.6,29.6,29.5,29.3,28.8,28.3,27.8,27.2,26.7,26.2,25.7,25.3,24.9,24.5,24.1,23.7,23.3,22.9,22.4,21.9,21.3,20.7,20.1,19.4,18.9,18.3,17.7,17.1,16.6,
Papua New Guinea,PNG,"Mortality rate, infant (per 1,000 live births)",SP.DYN.IMRT.IN,133,129.2,125.3,121.6,118.1,114.7,111.5,108.3,105.3,102.4,99.5,96.7,94,91.4,89,86.7,84.4,82.3,80.4,78.5,76.8,75.1,73.5,72.1,70.7,69.4,68.2,67,65.9,64.8,63.8,62.7,61.7,60.7,59.8,58.9,58,57.1,56.2,55.3,54.4,53.5,52.6,51.7,50.8,49.9,48.9,48,47,46.1,45.1,44.2,43.3,42.4,41.5,40.7,39.8,38.9,38,
Poland,POL,"Mortality rate, infant (per 1,000 live births)",SP.DYN.IMRT.IN,58,53.3,49.6,46.5,43.6,40.7,38,36,34.5,33.3,32,30.4,28.7,27,25.6,24.6,23.8,23.2,22.4,21.7,21.1,20.5,19.9,19.3,18.6,17.8,17.2,16.6,16.1,15.6,15.2,14.7,14.3,14,13.4,12.6,11.5,10.4,9.5,8.7,8.1,7.6,7.3,7,6.8,6.5,6.3,6,5.7,5.4,5.1,4.9,4.7,4.5,4.3,4.2,4,3.9,3.8,
Pre-demographic dividend,PRE,"Mortality rate, infant (per 1,000 live births)",SP.DYN.IMRT.IN,,,,,,,,,,,,,,,,,,,,,,,,,,,,,,,110.7900847,109.8156456,108.747432,107.6589971,106.4397767,105.0146931,103.4072533,101.5181296,99.35580725,96.8997448,94.24233485,91.35053292,88.37187886,85.33164779,82.36607713,79.47229215,76.78770517,74.20191893,71.73239821,69.54768092,67.45476467,65.49882387,63.69341571,62.07098973,60.54550977,59.08994519,57.72632429,56.33633684,54.98926531,
Puerto Rico,PRI,"Mortality rate, infant (per 1,000 live births)",SP.DYN.IMRT.IN,,,,,,,,,,,,,,,,,,,,,,,,,,,,,,,,,,,,,,,,,,,,,,,,,,,,,,,,,,,,
"Korea, Dem. People’s Rep.",PRK,"Mortality rate, infant (per 1,000 live births)",SP.DYN.IMRT.IN,,,,,,,,,,,,,,,,,,,,,,,,,,27.7,27.4,27.8,28.9,30.7,33.4,36.9,41.1,45.5,49.8,53.2,55.1,55,53.1,49.4,44.5,39.1,34.2,30.4,27.8,26.4,26,25.7,25.2,24.4,23.1,21.5,19.8,18.3,17,16,15.1,14.4,13.7,
Portugal,PRT,"Mortality rate, infant (per 1,000 live births)",SP.DYN.IMRT.IN,84.2,82.1,78.8,74.5,70.1,66.4,63.5,61.6,60.2,58.4,55.4,51.5,47.4,43.3,39.5,35.9,32.6,29.5,26.9,24.6,22.7,21.2,19.9,18.7,17.5,16.5,15.5,14.5,13.5,12.5,11.5,10.6,9.7,8.8,8.1,7.5,7,6.6,6.3,5.9,5.5,5.1,4.7,4.3,4,3.7,3.5,3.3,3.2,3.2,3.1,3,3,3,3,3,3,3.1,3.1,
Paraguay,PRY,"Mortality rate, infant (per 1,000 live births)",SP.DYN.IMRT.IN,60.8,60.3,59.9,59.6,59.3,59.1,58.9,58.7,58.5,58.2,57.9,57.5,57,56.4,55.7,54.9,54,53.1,52.1,51,49.8,48.4,47,45.6,44.2,42.8,41.4,40.1,38.8,37.5,36.3,35.1,34,32.9,32,31.1,30.4,29.7,29.1,28.5,27.9,27.3,26.7,26.1,25.6,25,24.4,23.8,23.2,22.5,21.9,21.3,20.7,20.1,19.5,18.9,18.4,17.8,17.2,
West Bank and Gaza,PSE,"Mortality rate, infant (per 1,000 live births)",SP.DYN.IMRT.IN,,,,,,,,,,,,,,,,76.7,72.6,68.8,65.3,61.9,58.7,55.8,53,50.3,47.8,45.4,43.1,41,39,37.2,35.6,34.1,32.8,31.6,30.4,29.4,28.4,27.5,26.6,25.8,25.1,24.4,23.8,23.2,22.6,22.1,21.6,21.1,20.6,20.1,19.8,19.5,19.3,19,18.8,18.5,18.1,17.7,17.3,
Pacific island small states,PSS,"Mortality rate, infant (per 1,000 live births)",SP.DYN.IMRT.IN,,,,,,,,,,,,,,,,,,,,,,,,,,,,,,,29.62686143,28.80223054,28.0555092,27.36606291,26.76206235,26.22667759,25.75541219,25.39766311,24.91439831,24.50543136,24.07147263,23.7260266,23.46462727,23.29033983,23.22381398,23.18302991,23.1879921,23.10656461,23.03051963,22.95710077,22.65289103,22.42234535,22.20467944,21.91139468,21.62812696,21.35801992,21.05518427,20.73614884,20.39457399,
Post-demographic dividend,PST,"Mortality rate, infant (per 1,000 live births)",SP.DYN.IMRT.IN,,,,,,,,,,,,,,,,,,,,,,,,,,,,,,,8.953432869,8.600711644,8.250373639,7.903779657,7.55032557,7.232366853,6.951141195,6.689811818,6.440998403,6.250823822,6.080466045,5.910941341,5.756157691,5.637927184,5.500229247,5.381209725,5.285426504,5.155628397,5.030707483,4.915471443,4.7655636,4.638227819,4.532579397,4.467120265,4.379917114,4.293130016,4.243060235,4.173586475,4.092187384,
French Polynesia,PYF,"Mortality rate, infant (per 1,000 live births)",SP.DYN.IMRT.IN,,,,,,,,,,,,,,,,,,,,,,,,,,,,,,,,,,,,,,,,,,,,,,,,,,,,,,,,,,,,
Qatar,QAT,"Mortality rate, infant (per 1,000 live births)",SP.DYN.IMRT.IN,,,,,,,,,,53.2,50.2,47.3,44.6,42,39.8,37.7,35.8,34,32.4,31,29.6,28.3,27.1,26,24.8,23.6,22.4,21.3,20.1,18.9,17.7,16.6,15.6,14.7,13.9,13.2,12.6,12,11.6,11.2,10.7,10.3,9.9,9.6,9.2,8.9,8.7,8.4,8.2,8,7.8,7.6,7.4,7.2,7,6.7,6.4,6.1,5.8,
Romania,ROU,"Mortality rate, infant (per 1,000 live births)",SP.DYN.IMRT.IN,,,,52.3,46.5,45.4,49.4,54.5,55.5,52.2,47.1,42.4,39,37.2,36.3,35.1,33.1,31.3,30.1,29.5,28.6,27.3,25.8,24.7,24.1,24.5,25.8,27,26.9,25.7,24.4,23.4,22.8,22.4,22.2,22.1,21.8,21.3,20.4,19.3,18.3,17.7,17.3,16.9,16.3,15.2,13.7,12.2,11,10.2,9.7,9.5,9.4,9,8.4,7.8,7.1,6.6,6.1,
Russian Federation,RUS,"Mortality rate, infant (per 1,000 live births)",SP.DYN.IMRT.IN,,,,,,,,,,,31.1,29.9,28.8,27.7,26.7,25.9,25.2,24.6,24.1,23.6,23.2,22.7,22.4,22,21.6,21.1,20.5,19.9,19.2,18.7,18.4,18.3,18.4,18.6,18.7,18.6,18.4,18.1,17.7,17.2,16.5,15.7,14.7,13.7,12.8,11.8,11,10.2,9.6,9.2,8.9,8.6,8.4,8.1,7.7,7.3,6.9,6.5,6.1,
Rwanda,RWA,"Mortality rate, infant (per 1,000 live births)",SP.DYN.IMRT.IN,130.2,127.8,126,124.8,124.4,124.5,125,126,127.4,129.1,130.9,132.9,135.5,138.8,142.5,146.1,148.5,148.5,144.9,138.1,129.3,120.2,112.1,106,101.6,98.2,95.6,93.5,92.4,92.2,93.7,97,101.6,108.2,125.8,117.1,111.2,115.2,117,110.5,108.3,101.2,93,84.7,76.2,68.6,62.1,56.5,51.7,47.8,43.9,39.8,37,34.5,32.5,30.8,29.3,28.2,27,
South Asia,SAS,"Mortality rate, infant (per 1,000 live births)",SP.DYN.IMRT.IN,,,,,,,,,,,,,,,,,,,,,,,,,,,,,,,91.8,89.5,87.2,85.1,82.9,80.7,78.4,76.1,73.7,71.4,69.1,66.9,64.7,62.5,60.5,58.4,56.4,54.4,52.4,50.4,48.5,46.5,44.6,42.8,41,39.2,37.6,36,34.5,
Saudi Arabia,SAU,"Mortality rate, infant (per 1,000 live births)",SP.DYN.IMRT.IN,,,,,,,,,,,,,109.4,103.1,97.2,91.7,86.5,81.6,76.9,72.5,68.3,64.4,60.6,57.1,53.6,50.4,47.3,44.2,41.2,38.4,35.8,33.3,31.1,29.1,27.2,25.5,23.9,22.5,21.2,20,18.9,17.8,16.9,15.9,15.1,14.2,13.4,12.6,11.9,11.1,10.4,9.7,9.1,8.5,7.9,7.3,6.8,6.4,6,
Sudan,SDN,"Mortality rate, infant (per 1,000 live births)",SP.DYN.IMRT.IN,106.5,104.9,103.5,102.1,100.8,99.6,98.5,97.5,96.7,96,95.5,94.9,94.5,94,93.5,93,92.4,91.7,91.1,90.6,90.1,89.6,89,88.5,87.9,87.2,86.4,85.5,84.5,83.3,82.2,81,79.7,78.3,77,75.5,74,72.4,70.7,68.8,66.9,65,63.1,61.2,59.5,57.8,56.2,54.7,53.4,52.1,50.9,49.7,48.6,47.6,46.5,45.4,44.4,43.3,42.1,
Senegal,SEN,"Mortality rate, infant (per 1,000 live births)",SP.DYN.IMRT.IN,128.5,128.5,128.7,129,129.1,129.2,129,128.6,128,126.9,125.5,123.7,121.3,118.7,115.6,112.2,108.4,104.5,100.9,97.7,94.9,92.4,90.2,88,85.6,82.9,80,77.1,74.5,72.5,71.2,70.5,70.4,70.6,71,71.5,71.8,71.8,71.3,70.2,68.4,66,63,60,56.9,54,51.3,48.8,46.5,44.5,42.6,40.9,39.3,37.8,36.4,35.1,33.9,32.8,31.8,
Singapore,SGP,"Mortality rate, infant (per 1,000 live births)",SP.DYN.IMRT.IN,35.4,32.8,30.8,29.2,28.2,27.3,26.4,25.2,23.9,22.8,21.8,20.6,19.4,17.8,15.9,14.1,12.9,12.5,12.3,12.2,11.9,11.4,10.7,10,9.3,8.8,8.3,7.9,7.3,6.7,6.1,5.5,5,4.6,4.2,4,3.8,3.6,3.4,3.2,3,2.8,2.6,2.5,2.4,2.3,2.3,2.2,2.2,2.2,2.2,2.2,2.2,2.2,2.2,2.2,2.2,2.2,2.3,
Solomon Islands,SLB,"Mortality rate, infant (per 1,000 live births)",SP.DYN.IMRT.IN,127.2,121.2,115.6,110.4,105.3,100.3,95.3,90.2,85,80,74.8,70.1,65.7,61.6,57.9,54.5,51.3,48.5,45.9,43.7,41.7,40,38.5,37.3,36.2,35.1,34.2,33.4,32.7,32,31.3,30.7,29.9,29.1,28.5,27.8,27.2,26.6,26.2,25.8,25.3,25,24.8,24.5,24.3,24.1,23.8,23.3,22.8,22.3,21.7,21.1,20.5,19.9,19.3,18.8,18.2,17.6,17.1,
Sierra Leone,SLE,"Mortality rate, infant (per 1,000 live births)",SP.DYN.IMRT.IN,222.1,219.2,216,212.8,209.7,206.3,203,199.8,196.6,193.5,190.5,187.6,184.9,182.3,179.7,177.2,174.9,172.7,170.6,168.6,166.7,165,163.4,162,160.8,159.7,158.6,157.7,156.9,156.2,155.7,155.3,154.9,154.3,153.5,152.4,151,149.2,147.2,144.9,142.4,139.9,137.2,134.3,131.2,128,124.5,120.8,116.8,112.6,108.3,103.9,99.6,95.5,91.5,87.8,84.4,81.3,78.5,
El Salvador,SLV,"Mortality rate, infant (per 1,000 live births)",SP.DYN.IMRT.IN,125.3,122.8,120.5,118.2,116,113.9,111.8,109.8,107.7,105.7,103.7,101.7,99.5,97.1,94.6,91.9,89,86,82.9,79.7,76.3,72.8,69.3,65.9,62.5,59.3,56.3,53.5,50.9,48.5,46.2,44,41.9,39.8,37.7,35.7,33.8,32,30.3,28.7,27.2,25.8,24.6,23.3,22.2,21,20,19.1,18.1,17.3,16.5,15.7,15,14.3,13.7,13.2,12.7,12.2,11.8,
San Marino,SMR,"Mortality rate, infant (per 1,000 live births)",SP.DYN.IMRT.IN,,,,,,,,,,,,,,,,,,,,,,,,,,16.8,15.7,14.5,13.5,12.5,11.6,10.7,10,9.2,8.5,7.9,7.3,6.8,6.3,5.8,5.4,5,4.6,4.3,4,3.7,3.4,3.2,3,2.7,2.5,2.4,2.2,2.1,2,2,1.9,1.8,1.7,
Somalia,SOM,"Mortality rate, infant (per 1,000 live births)",SP.DYN.IMRT.IN,,,,,,,,,,,,,,,,,,,,,,,118.6,117.1,115.6,114.3,113.3,112.3,111.2,109.7,107.9,106.2,105,104.4,104.2,104.2,104.2,104.2,104.2,104.2,104.2,104.2,104.2,104.2,104.2,104.2,104,102.9,101,98.8,96.1,93.4,90.7,88,85.6,83.1,81,78.8,76.6,
Serbia,SRB,"Mortality rate, infant (per 1,000 live births)",SP.DYN.IMRT.IN,,,,,,,,,,,,,,,,,,,,,,,,,35.3,33.5,32.2,31.2,29.6,27,24,22,21,20.2,18.8,17,15,13.3,12.1,11.4,11,10.6,9.9,9.1,8.4,7.7,7.3,7,6.9,6.8,6.6,6.4,6.2,6,5.7,5.5,5.2,5,4.8,
Sub-Saharan Africa (excluding high income),SSA,"Mortality rate, infant (per 1,000 live births)",SP.DYN.IMRT.IN,,,,,,,,,,,,,,,,,,,,,,,,,,,,,,,107.4651206,106.6226582,105.7235814,104.8262681,103.9273221,102.5289816,100.9808434,99.26749018,97.28011112,94.90988731,92.38445747,89.57051142,86.64080128,83.66057131,80.69424226,77.7789618,75.05385101,72.40917143,69.87745332,67.61081051,65.43300188,63.41753176,61.55097863,59.87646699,58.31214007,56.82033396,55.44540694,54.07633532,52.7366217,
South Sudan,SSD,"Mortality rate, infant (per 1,000 live births)",SP.DYN.IMRT.IN,,,,,,,,,,,,,,,,,,180.4,178.5,176.4,174.4,172.6,170.5,168.3,166.2,163.6,161.2,158.5,155.9,153,150.2,147.2,143.9,140.5,136.6,132.6,128.5,124.1,119.7,114.9,110.1,105.3,100.5,95.9,91.4,87.3,83.4,79.6,76.1,72.8,69.7,66.9,64.9,64,63.7,63.7,63.7,63.7,63.7,
Sub-Saharan Africa,SSF,"Mortality rate, infant (per 1,000 live births)",SP.DYN.IMRT.IN,,,,,,,,,,,,,,,,,,,,,,,,,,,,,,,107.4,106.6,105.7,104.8,103.9,102.5,101,99.3,97.3,94.9,92.4,89.6,86.6,83.7,80.7,77.8,75,72.4,69.9,67.6,65.4,63.4,61.6,59.9,58.3,56.8,55.4,54.1,52.7,
Small states,SST,"Mortality rate, infant (per 1,000 live births)",SP.DYN.IMRT.IN,,,,,,,,,,,,,,,,,,,,,,,,,,,,,,,56.13619333,55.47984555,55.01350271,54.62825449,54.31915465,54.03514218,53.69357684,53.35600641,52.94804593,52.48304283,51.9302319,51.24297356,50.3911262,49.48148646,48.36819113,46.87134408,45.31280278,44.12251297,43.16869579,41.76308523,40.29976123,39.25087929,38.27456981,37.20743385,36.33235771,35.37039898,34.30808206,33.4455076,32.48664327,
Sao Tome and Principe,STP,"Mortality rate, infant (per 1,000 live births)",SP.DYN.IMRT.IN,,,,,,63.1,61.1,59.4,58.2,57.3,56.8,56.8,57,57.3,57.7,58,58.3,58.4,58.6,58.9,59.4,60,60.9,62,63.2,64.5,65.7,66.8,67.7,68.5,69.1,69.4,69.5,69.1,68.3,67,65.3,63.3,61,58.5,55.8,53.1,50.4,47.8,45.3,43,40.8,38.7,36.8,35.1,33.4,31.9,30.4,29.2,28.1,27,26.1,25.2,24.4,
Suriname,SUR,"Mortality rate, infant (per 1,000 live births)",SP.DYN.IMRT.IN,,,,,,,,,,,,,,,,,,,,,,,,48.6,47.4,46.3,45.2,44.1,43,42,41,39.9,38.8,37.7,36.6,35.5,34.4,33.3,32.2,31.2,30.1,29.2,28.2,27.3,26.5,25.7,24.9,24.1,23.4,22.6,22,21.2,20.4,19.8,19.2,18.6,18,17.4,16.9,
Slovak Republic,SVK,"Mortality rate, infant (per 1,000 live births)",SP.DYN.IMRT.IN,,,,,,,,,,,,,,,,,,,,,,18.9,18.1,17.3,16.5,15.8,15.1,14.4,13.8,13.2,12.6,12.1,11.6,11.1,10.6,10.1,9.7,9.3,8.9,8.5,8.2,7.9,7.6,7.3,7.1,6.8,6.6,6.4,6.2,6,5.8,5.6,5.5,5.3,5.2,5,4.9,4.8,4.6,
Slovenia,SVN,"Mortality rate, infant (per 1,000 live births)",SP.DYN.IMRT.IN,,,,,,,,,,,,,,,,,,,,,,15.5,14.6,13.8,13,12.2,11.5,10.8,10,9.4,8.8,8.2,7.7,7.1,6.7,6.2,5.9,5.5,5.2,4.9,4.6,4.3,4.1,3.9,3.7,3.5,3.3,3.1,2.9,2.8,2.6,2.5,2.4,2.2,2.1,2,1.9,1.8,1.7,
Sweden,SWE,"Mortality rate, infant (per 1,000 live births)",SP.DYN.IMRT.IN,16.3,16,15.6,15,14.4,13.7,13.1,12.5,12.1,11.7,11.3,10.9,10.4,9.8,9.3,8.8,8.3,7.9,7.6,7.4,7.1,6.9,6.8,6.6,6.5,6.4,6.3,6.3,6.2,6.1,5.9,5.6,5.2,4.8,4.4,4,3.8,3.6,3.5,3.4,3.4,3.4,3.3,3.2,3.1,3,2.8,2.7,2.6,2.6,2.5,2.5,2.4,2.4,2.4,2.3,2.3,2.2,2.2,
Eswatini,SWZ,"Mortality rate, infant (per 1,000 live births)",SP.DYN.IMRT.IN,141.5,139.6,137.7,135.4,133.1,130.6,128,125.5,123.1,120.6,118,115,111.8,108.1,104.1,100.1,96,92.3,88.6,85.2,81.8,78.3,74.6,70.8,67.1,63.5,60.3,57.6,55.5,54.1,53.6,54.3,56.1,58.7,61.8,65,68,71.1,74.3,77.3,79.8,81.3,81.7,81.5,80,78,69.3,68.2,67.8,63,59.3,57.3,55.6,54,52.8,47.9,46.3,45.5,43,
Sint Maarten (Dutch part),SXM,"Mortality rate, infant (per 1,000 live births)",SP.DYN.IMRT.IN,,,,,,,,,,,,,,,,,,,,,,,,,,,,,,,,,,,,,,,,,,,,,,,,,,,,,,,,,,,,
Seychelles,SYC,"Mortality rate, infant (per 1,000 live births)",SP.DYN.IMRT.IN,75,74.1,73.1,72,70.7,69,67.2,65,62.3,59.4,56.3,53,49.8,46.5,43.2,39.9,36.6,33.5,30.5,27.8,25.4,23.3,21.5,20,18.7,17.7,16.8,16.1,15.4,14.8,14.3,13.8,13.3,12.9,12.6,12.3,12.1,12,11.9,11.8,11.8,11.8,11.8,11.8,11.8,11.8,11.9,11.9,12,12.1,12.1,12.2,12.3,12.5,12.6,12.7,12.7,12.6,12.4,
Syrian Arab Republic,SYR,"Mortality rate, infant (per 1,000 live births)",SP.DYN.IMRT.IN,116.9,111.7,106.8,102.1,97.7,93.4,89.2,85.3,81.4,77.6,74.1,70.6,67.4,64.4,61.5,58.7,56.1,53.6,51.2,49,46.8,44.7,42.7,40.8,39.1,37.4,35.9,34.4,33,31.7,30.5,29.3,28.1,26.9,25.8,24.7,23.7,22.7,21.7,20.8,19.9,19.1,18.3,17.5,16.8,16.1,15.5,14.9,14.3,14,13.8,13.9,14.2,14.1,14.1,14.1,14.1,14,14,
Turks and Caicos Islands,TCA,"Mortality rate, infant (per 1,000 live births)",SP.DYN.IMRT.IN,,,,,,,,,,,,,,,,,,,,,,,,,,,,,,,,,,,,,,,,,,,,,,,,,,,,,,,,,,,,
Chad,TCD,"Mortality rate, infant (per 1,000 live births)",SP.DYN.IMRT.IN,,,,,,,,,,,,,128.1,127.6,127,126.5,125.9,125.3,124.8,124.1,123.3,122.4,121.4,120.3,119.1,117.9,116.7,115.4,114.2,113,111.7,110.6,109.4,108.3,107.4,106.4,105.5,104.4,103.2,101.9,100.5,99.1,97.6,96.2,94.7,93.2,91.7,90.1,88.4,86.7,84.9,83.2,81.5,79.8,78.1,76.5,74.8,73.1,71.4,
East Asia & Pacific (IDA & IBRD countries),TEA,"Mortality rate, infant (per 1,000 live births)",SP.DYN.IMRT.IN,,,,,,,,,,,,,,,,,,,,,,,,,,,,,,,45.62936266,44.84312065,43.86670276,42.75628471,41.47208013,40.19334453,38.82676222,37.4636521,36.12864686,34.69604366,33.14328334,31.54232554,29.89208009,28.17790997,26.81322308,25.05039336,23.6676786,22.35516143,21.2753091,20.04601775,19.06399017,18.10440067,17.18085804,16.39768122,15.61479408,14.8782377,14.20041715,13.60864122,13.0767722,
Europe & Central Asia (IDA & IBRD countries),TEC,"Mortality rate, infant (per 1,000 live births)",SP.DYN.IMRT.IN,,,,,,,,,,,,,,,,,,,,,,,,,,,,,,,35.7454304,35.55145264,35.54303799,35.49241362,35.20004812,34.6020736,33.66543874,32.52118126,31.1904572,29.72492038,28.16328769,26.6134598,25.03574819,23.5350333,22.16374179,20.80585983,19.59578131,18.42322248,17.40686869,16.50516485,15.70957264,14.94762654,14.28677501,13.61617624,12.93050283,12.3053956,11.69873232,11.13568436,10.60121473,
Togo,TGO,"Mortality rate, infant (per 1,000 live births)",SP.DYN.IMRT.IN,159.7,157,154.3,151.6,149,146.4,143.6,140.8,138,135.1,132.2,129.4,126.7,124,121.4,118.8,116.2,113.7,111.2,108.8,106.5,104.3,102.2,100.2,98.4,96.6,95,93.5,92.1,90.9,89.7,88.6,87.6,86.5,85.2,83.9,82.5,80.9,79.3,77.5,75.7,73.9,72.1,70.3,68.5,66.7,65,63.3,61.7,60.1,58.6,57.1,55.6,54.2,52.8,51.4,50,48.7,47.4,
Thailand,THA,"Mortality rate, infant (per 1,000 live births)",SP.DYN.IMRT.IN,101.3,98.1,94.9,91.9,88.8,85.8,82.8,79.9,76.9,74,71,68.1,65.3,62.5,59.9,57.4,55.1,52.9,50.7,48.7,46.8,44.9,43.1,41.3,39.6,37.9,36.3,34.7,33.2,31.7,30.2,28.8,27.4,26.1,24.8,23.7,22.6,21.5,20.5,19.6,18.6,17.7,16.9,16.1,15.4,14.6,13.9,13.3,12.7,12.1,11.5,10.9,10.4,9.9,9.4,9,8.6,8.2,7.8,
Tajikistan,TJK,"Mortality rate, infant (per 1,000 live births)",SP.DYN.IMRT.IN,,,,,,,,,,,,,117.7,113.9,110.5,107.3,104.7,102.3,100.8,100,99.6,99.3,98.7,97.4,95.2,92.3,88.8,85.3,82.4,80.7,80.7,82.7,85.7,88.2,88.6,87.3,84.6,81.1,77,72.4,67.8,63.2,58.8,54.7,50.8,47.4,44.5,42.1,40.1,38.5,37.3,36.2,35.3,34.5,33.7,32.9,32.1,31.3,30.4,
Turkmenistan,TKM,"Mortality rate, infant (per 1,000 live births)",SP.DYN.IMRT.IN,,,,,,,,,,,,,,,,,,104.6,101.3,98.1,94.9,91.7,88.5,85.4,82.3,79.3,76.5,73.9,71.5,69.7,68.3,67.7,67.6,67.9,68.5,69,69.3,69.2,68.5,67.3,65.7,64.2,62.6,61,59.4,57.8,56.4,54.8,53.2,51.7,50.2,48.8,47.3,45.9,44.6,43.2,41.8,40.6,39.3,
Latin America & the Caribbean (IDA & IBRD countries),TLA,"Mortality rate, infant (per 1,000 live births)",SP.DYN.IMRT.IN,,,,,,,,,,,,,,,,,,,,,,,,,,,,,,,43.79873757,42.09205801,40.38105971,38.6227743,36.90214116,35.22263287,33.54269723,31.94990172,30.48755049,28.94654948,27.47622938,26.15274391,24.89826368,23.74816174,22.6598691,21.62044823,20.70329274,19.85993887,19.09802048,18.40911908,18.48786518,17.22823209,16.69638158,16.20370227,15.71232889,15.31005294,15.37129016,14.60966052,14.13290508,
Timor-Leste,TLS,"Mortality rate, infant (per 1,000 live births)",SP.DYN.IMRT.IN,,,,,,,,,,,,,,,,,,,,,,,,,,162.8,155.8,149.1,142.7,136.7,131,125.6,120.5,115.5,110.7,106.1,101.6,97.3,93.1,89,85,81.1,77.3,73.6,69.9,66.3,62.8,59.5,56.6,54.2,52,50,48.2,46.4,44.8,43.4,42,40.7,39.3,
Middle East & North Africa (IDA & IBRD countries),TMN,"Mortality rate, infant (per 1,000 live births)",SP.DYN.IMRT.IN,,,,,,,,,,,,,,,,,,,,,,,,,,,,,,,52.43531963,50.63848522,49.0211797,47.41936838,45.87323438,44.25110668,42.66607901,41.12353657,39.56096383,38.01135696,36.50301247,35.04331871,33.64083114,32.26362146,30.97455817,29.6768307,28.4774456,27.30872183,26.19337925,25.20874798,24.3302584,23.61260663,22.99256348,22.37290688,21.82626102,21.26392736,20.77775706,20.28160146,19.82562649,
Tonga,TON,"Mortality rate, infant (per 1,000 live births)",SP.DYN.IMRT.IN,,,,58.5,55.4,52.4,49.6,46.8,44.1,41.4,39,36.9,34.9,33.2,31.6,30.2,28.9,27.7,26.6,25.6,24.7,23.9,23.2,22.6,22.1,21.7,21.2,20.7,20.2,19.6,18.9,18.2,17.6,17.1,16.6,16.3,16,15.8,15.6,15.3,15.1,14.8,14.6,14.4,14.3,14.3,14.4,14.5,14.6,14.8,14.9,15,15,14.9,14.7,14.4,14.1,13.8,13.4,
South Asia (IDA & IBRD),TSA,"Mortality rate, infant (per 1,000 live births)",SP.DYN.IMRT.IN,,,,,,,,,,,,,,,,,,,,,,,,,,,,,,,91.83005112,89.45310114,87.22901082,85.02196647,82.88694981,80.67855389,78.39733358,76.0456251,73.71341231,71.39156151,69.0948395,66.81077204,64.65018994,62.50751148,60.47381209,58.41077887,56.39431335,54.38110527,52.40316235,50.43150576,48.42691191,46.50296976,44.60037854,42.79100518,40.97851326,39.25123551,37.59518271,35.9953817,34.48428631,
Sub-Saharan Africa (IDA & IBRD countries),TSS,"Mortality rate, infant (per 1,000 live births)",SP.DYN.IMRT.IN,,,,,,,,,,,,,,,,,,,,,,,,,,,,,,,107.4581963,106.6159776,105.7171541,104.8201062,103.9214328,102.523377,100.9755072,99.26240015,97.27523428,94.90520699,92.37995375,89.5661818,86.63664154,83.65658967,80.69044421,77.77535763,75.05044579,72.40596466,69.87444733,67.60799143,65.43035769,63.41505205,61.5486468,59.87426792,58.3100561,56.81835641,55.44352285,54.07454303,52.73491736,
Trinidad and Tobago,TTO,"Mortality rate, infant (per 1,000 live births)",SP.DYN.IMRT.IN,55.8,54.1,52.5,50.9,49.6,48.4,47.3,46.3,45.4,44.6,43.8,43,42.2,41.3,40.4,39.5,38.5,37.4,36.4,35.3,34.3,33.2,32.3,31.4,30.5,29.7,29,28.4,27.8,27.3,26.8,26.4,26.1,25.9,25.7,25.6,25.5,25.4,25.4,25.4,25.4,25.3,25.1,24.7,24.3,23.8,23.2,22.7,22.1,21.4,20.8,20.2,19.7,19.1,18.6,18,17.4,16.9,16.4,
Tunisia,TUN,"Mortality rate, infant (per 1,000 live births)",SP.DYN.IMRT.IN,,,182.1,173.4,165,156.9,149.1,141.8,134.7,128,121.6,115.8,110.2,104.7,99.2,93.6,88.1,82.8,77.8,73.2,69.1,65.4,62.1,59.1,56.2,53.5,51.1,48.9,46.8,45,43.3,41.6,39.9,38.2,36.4,34.5,32.5,30.5,28.6,26.7,25,23.5,22.1,20.9,19.8,18.8,18,17.2,16.6,16.2,15.8,15.5,15.2,15,14.9,14.8,14.7,14.7,14.6,
Turkey,TUR,"Mortality rate, infant (per 1,000 live births)",SP.DYN.IMRT.IN,172.3,167.2,161.8,156.4,151.1,146.4,142.1,138.1,134.2,130.6,127.1,123.6,120.1,116.6,113,109.3,105.5,101.7,97.9,94,90.1,86.2,82.3,78.5,74.7,71.1,67.6,64.3,61.2,58.2,55.4,52.7,50.1,47.5,45,42.6,40.1,37.7,35.4,33.1,30.9,28.8,26.7,24.8,23.1,21.4,19.9,18.4,17.1,15.9,14.9,13.9,13.1,12.3,11.5,10.9,10.3,9.7,9.1,
Tuvalu,TUV,"Mortality rate, infant (per 1,000 live births)",SP.DYN.IMRT.IN,,,,,,,,,,,,,,,,59.4,57.2,55.1,53.3,51.5,49.9,48.5,47.2,46.1,45.1,44.4,43.8,43.3,42.9,42.4,41.9,41.3,40.7,40,39.2,38.3,37.4,36.3,35.3,34.3,33.3,32.4,31.6,30.9,30.2,29.6,29,28.3,27.6,26.9,26.2,25.4,24.7,23.9,23.2,22.5,21.9,21.2,20.6,
Tanzania,TZA,"Mortality rate, infant (per 1,000 live births)",SP.DYN.IMRT.IN,143.7,142.5,141.3,140,138.6,136.8,134.9,133,131.1,129.2,127.4,125.5,123.5,121.4,119.2,116.8,114.3,112,109.8,108.1,107,106.6,106.6,106.7,106.8,106.6,105.8,104.7,103.4,101.9,100.5,99.4,98.2,97.2,95.9,94.5,92.7,90.3,87.3,83.6,79.4,74.9,70.4,66.2,62.5,59.2,56.6,53.9,51.5,49.7,47.5,46,45,43.9,43,41.9,40.6,38.8,37.6,
Uganda,UGA,"Mortality rate, infant (per 1,000 live births)",SP.DYN.IMRT.IN,131.7,129.3,127.2,125.2,123.2,121.3,119.4,117.7,116.1,114.8,114.1,113.9,114.3,115.3,116.8,118.8,121.1,123.4,125.4,126.7,127.5,126.8,124.8,122.1,119.4,117.3,115.4,113.9,112.4,110.6,108.6,106.3,103.9,101.8,100.1,98.8,97.6,96.2,94.2,91.7,88.4,84.7,80.6,76.1,71.5,67.1,63.1,59.3,55.8,53,50.2,47.7,44.6,42.7,40.4,38.6,36.8,35.2,33.8,
Ukraine,UKR,"Mortality rate, infant (per 1,000 live births)",SP.DYN.IMRT.IN,,,,,,,,,,,,28.2,27.3,26.5,25.8,25.2,24.6,24.2,23.7,23.2,22.7,22.1,21.4,20.6,19.8,19.1,18.3,17.7,17.2,16.8,16.6,16.6,16.7,16.9,17.2,17.4,17.4,17.3,16.9,16.4,15.8,15.1,14.4,13.6,13,12.5,12,11.5,11.1,10.6,10.1,9.6,9.1,8.7,8.4,8.1,7.9,7.7,7.5,
Upper middle income,UMC,"Mortality rate, infant (per 1,000 live births)",SP.DYN.IMRT.IN,,,,,,,,,,,,,,,,,,,,,,,,,,,,,,,40.6,39.8,38.8,37.7,36.5,35.3,34,32.6,31.3,29.9,28.4,27,25.5,24,22.6,21.2,19.9,18.7,17.6,16.7,15.8,15,14.3,13.6,12.9,12.3,11.9,11.3,10.8,
Uruguay,URY,"Mortality rate, infant (per 1,000 live births)",SP.DYN.IMRT.IN,57.4,56.1,54.6,53.4,52.5,51.9,51.6,51.1,50.3,49.4,48.4,47.7,47.6,48.3,49,49.2,48.4,46.3,43,39.2,35.2,31.8,29.2,27.4,26.2,25.1,24.1,23.1,22,21,20.2,19.5,19,18.7,18.3,17.9,17.3,16.7,15.9,15.3,14.8,14.4,14,13.6,13.1,12.4,11.7,10.9,10.2,9.6,9.2,8.8,8.5,8.2,7.9,7.6,7.2,6.8,6.4,
United States,USA,"Mortality rate, infant (per 1,000 live births)",SP.DYN.IMRT.IN,25.9,25.4,24.9,24.4,23.8,23.3,22.7,22,21.3,20.6,19.9,19.1,18.3,17.5,16.7,15.9,15.2,14.5,13.8,13.2,12.6,12.1,11.6,11.3,10.9,10.6,10.4,10.2,9.9,9.7,9.4,9.1,8.8,8.5,8.2,7.9,7.7,7.5,7.3,7.2,7.1,7,6.9,6.9,6.8,6.7,6.7,6.6,6.5,6.4,6.2,6.1,6,6,5.9,5.8,5.8,5.7,5.6,
Uzbekistan,UZB,"Mortality rate, infant (per 1,000 live births)",SP.DYN.IMRT.IN,,,,,,,,,,,,,,,,,,,,96.5,90.9,85.7,80.9,76.6,72.7,69.2,66.1,63.6,61.6,60.2,59.5,59.3,59.3,59.1,58.7,58.1,57.5,56.7,55.6,54.2,52.4,50.5,48.4,46.3,44.2,42.1,40,37.9,35.8,33.8,31.8,29.9,28.1,26.3,24.6,23,21.5,20.2,19.1,
St. Vincent and the Grenadines,VCT,"Mortality rate, infant (per 1,000 live births)",SP.DYN.IMRT.IN,,,,,,,,,,44,47,50.2,53.3,55.9,57.6,57.7,56.3,53.5,49.7,45.5,41.5,37.7,34.1,30.9,28.2,25.8,23.9,22.4,21.2,20.2,19.6,19.1,18.8,18.7,18.7,18.8,18.9,19.1,19.2,19.3,19.4,19.4,19.5,19.6,19.6,19.7,19.7,19.5,19.3,18.9,18.5,18,17.6,17.1,16.6,16.2,15.7,15.3,14.8,
"Venezuela, RB",VEN,"Mortality rate, infant (per 1,000 live births)",SP.DYN.IMRT.IN,58.7,57.1,55.7,54.5,53.5,52.6,51.8,50.9,50,49,47.9,46.6,45.4,44.2,43,41.8,40.6,39.3,38,36.6,35.2,33.9,32.6,31.5,30.5,29.5,28.6,27.6,26.6,25.6,24.7,23.9,23.3,22.8,22.5,22.1,21.5,20.7,19.9,20.1,18.4,17.8,17.4,16.9,16.4,15.8,15.4,15,14.7,14.6,14.6,14.7,14.8,14.9,14.9,16.8,21.4,21.4,21.4,
British Virgin Islands,VGB,"Mortality rate, infant (per 1,000 live births)",SP.DYN.IMRT.IN,,,,,,,,,,,,,,,,,,,,,,,,,,,,,,,,,,,,,,,,,,,,,,,,,,,,,,,,,,,,
Virgin Islands (U.S.),VIR,"Mortality rate, infant (per 1,000 live births)",SP.DYN.IMRT.IN,,,,,,,,,,,,,,,,,,,,,,,,,,,,,,,,,,,,,,,,,,,,,,,,,,,,,,,,,,,,
Vietnam,VNM,"Mortality rate, infant (per 1,000 live births)",SP.DYN.IMRT.IN,,,,,56.3,55.9,55.5,55.2,54.9,54.5,54.1,53.6,53.1,52.5,51.8,51.1,50.2,49.3,48.4,47.4,46.5,45.7,44.9,44.1,43.3,42.6,41.7,40.7,39.6,38.3,36.9,35.5,34,32.5,31.1,29.6,28.2,26.9,25.6,24.5,23.5,22.7,21.8,21.1,20.5,20,19.6,19.2,18.9,18.7,18.5,18.2,18,17.8,17.6,17.4,17.2,16.9,16.5,
Vanuatu,VUT,"Mortality rate, infant (per 1,000 live births)",SP.DYN.IMRT.IN,105.8,103.4,100.8,98,95.1,92.3,89.2,86.2,83.2,80.2,77.4,74.5,71.9,69.2,66.8,64.5,62.2,59.8,57.3,54.8,52.1,49.2,46.3,43.4,40.6,38,35.8,33.8,32.1,30.6,29.3,28.2,27.2,26.5,25.8,25.4,25,25.6,24.5,24.3,24.1,23.9,23.7,23.7,23.8,23.8,24,24.1,24.3,24.4,24.6,24.7,24.8,24.6,24.3,23.9,23.4,22.9,22.3,
World,WLD,"Mortality rate, infant (per 1,000 live births)",SP.DYN.IMRT.IN,,,,,,,,,,,,,,,,,,,,,,,,,,,,,,,64.7,63.9,63,62.2,61.2,60.2,59,57.7,56.3,54.8,53.2,51.5,49.8,48,46.3,44.6,43,41.4,39.9,38.4,37.1,35.7,34.5,33.4,32.4,31.4,30.6,29.7,28.9,
Samoa,WSM,"Mortality rate, infant (per 1,000 live births)",SP.DYN.IMRT.IN,,,,,,,,,,,,,,,,,,,,,,,,,31,29.8,28.7,27.7,26.8,25.9,25.1,24.3,23.6,22.9,22.1,21.3,20.6,19.9,19.3,18.6,18,17.5,17,16.7,16.4,16.3,16.2,16.2,16.2,17.1,16,15.9,15.7,15.4,15.1,14.8,14.4,14,13.6,
Kosovo,XKX,"Mortality rate, infant (per 1,000 live births)",SP.DYN.IMRT.IN,,,,,,,,,,,,,,,,,,,,,,,,,,,,,,,,,,,,,,,,,,,,,,,,,,,,,,,,,,,,
"Yemen, Rep.",YEM,"Mortality rate, infant (per 1,000 live births)",SP.DYN.IMRT.IN,,,279.4,273.9,267.8,261.3,254,245.9,237.2,228.3,219.7,211.5,203.4,195.8,188.3,180.6,172.4,164.1,155.6,147.3,139.4,131.5,124.1,117.2,111.2,105.8,101.3,97.4,94,91,88.4,86.1,84.1,82.4,80.8,79.4,77.9,76.2,74.1,71.5,68.7,65.8,62.8,59.9,57.1,54.5,51.9,49.4,47,45,43.6,43,42.9,42.9,42.9,42.9,42.9,42.9,42.9,
South Africa,ZAF,"Mortality rate, infant (per 1,000 live births)",SP.DYN.IMRT.IN,,,,,,,,,,,,,,,89.3,85.1,81.1,77.2,73.5,70.1,66.9,63.9,61.1,58.6,56.2,54.1,52.1,50.2,48.5,47,45.8,44.7,44.1,44,44.4,45.2,45.9,46.8,47.8,48.4,49,49.4,50,50.9,50.8,49.7,48.1,45.5,42.9,40.3,38.2,36.6,35.3,34.1,32.9,31.4,30.7,29.6,28.5,
Zambia,ZMB,"Mortality rate, infant (per 1,000 live births)",SP.DYN.IMRT.IN,122.2,119.9,117.9,116.2,114.8,113.8,113,112.4,111.7,110.5,108.6,106.1,103.2,100.2,97.6,95.6,94.5,94.3,94.7,95.3,95.7,96,96.8,98.2,100.1,102.5,105.1,107.3,108.9,110,110.7,110.9,110.6,109.5,107.9,106,104.2,102.6,101.1,98.8,95.1,90.1,84,77.7,71.1,65.5,61.6,59.3,56.7,54.8,52.8,51.2,49.6,47.8,45.9,44.5,43.1,41.5,40.4,
Zimbabwe,ZWE,"Mortality rate, infant (per 1,000 live births)",SP.DYN.IMRT.IN,92.8,90.5,88.1,85.7,83.2,80.9,78.8,76.9,75.4,74.1,73.2,72.4,71.8,71.6,71.6,71.6,71.6,71.4,70.9,70,68.5,66.2,63.3,60.3,57.3,54.8,52.9,51.8,51.2,51.2,51.9,52.9,54.3,56.1,57.7,59.5,60.4,60.4,59.9,59.1,58.4,57.9,57.5,57.1,57.5,57.7,58.6,58.7,57.5,56.1,53.1,50.3,45.7,42.8,40.4,38.5,36.3,35.4,33.9,
